627.904603753206401962,106.492726982097224209,-1.000000000000000000,-1.000000000000000000
628.023709338080607267,106.665681969394540829,-1.000000000000000000,-1.000000000000000000
628.090380856083584149,106.618633011156362045,-1.000000000000000000,-1.000000000000000000
627.978890644625380446,106.695538686909003445,-1.000000000000000000,-1.000000000000000000
628.116930917327294992,106.546959414504271990,-1.000000000000000000,-1.000000000000000000
627.797564133689434129,106.625761809713935691,-1.000000000000000000,-1.000000000000000000
627.779417711281894299,106.437202878920629701,-1.000000000000000000,-1.000000000000000000
627.903914830537019043,106.648036093418227210,-1.000000000000000000,-1.000000000000000000
627.920786729345650201,106.624923510788335079,-1.000000000000000000,-1.000000000000000000
627.959255499153982782,106.609968102073366936,-1.000000000000000000,-1.000000000000000000
627.833144322937755533,106.577579333439643960,-1.000000000000000000,-1.000000000000000000
627.846284741917202155,106.701803457737241843,-1.000000000000000000,-1.000000000000000000
627.737822562151791317,106.488580099025739401,-1.000000000000000000,-1.000000000000000000
627.977248763078932825,106.592681367849195340,-1.000000000000000000,-1.000000000000000000
628.010484307359320155,106.529900199600774613,-1.000000000000000000,-1.000000000000000000
628.128399362661639316,106.756258655587544126,-1.000000000000000000,-1.000000000000000000
627.902438364320346409,106.577422364387530251,-1.000000000000000000,-1.000000000000000000
627.910185072363674408,106.612536295585869084,-1.000000000000000000,-1.000000000000000000
628.039974079624130354,106.564632362717702563,-1.000000000000000000,-1.000000000000000000
628.024582503758438179,106.530151624163977431,-1.000000000000000000,-1.000000000000000000
627.955365969259901249,106.712399022108797908,-1.000000000000000000,-1.000000000000000000
627.736914712326552035,106.576082320324189823,-1.000000000000000000,-1.000000000000000000
627.848837051787427299,106.523447705883882008,-1.000000000000000000,-1.000000000000000000
627.628043184885314076,106.756418451049285068,-1.000000000000000000,-1.000000000000000000
628.168074699866565425,106.709985080988872141,-1.000000000000000000,-1.000000000000000000
627.775284090909053702,106.565174527044973729,-1.000000000000000000,-1.000000000000000000
627.928866899180775363,106.572496740374162982,-1.000000000000000000,-1.000000000000000000
627.975881110930686191,106.467865228392611243,-1.000000000000000000,-1.000000000000000000
627.781799491424521875,106.649761352425116456,-1.000000000000000000,-1.000000000000000000
627.862739518118019078,106.750427350427344209,-1.000000000000000000,-1.000000000000000000
627.779040967964647280,106.695841984773437616,-1.000000000000000000,-1.000000000000000000
627.923694615967974642,106.668770640247203119,-1.000000000000000000,-1.000000000000000000
627.813061689235837548,106.775830799594587006,-1.000000000000000000,-1.000000000000000000
628.129504870129835581,106.603846973571990020,-1.000000000000000000,-1.000000000000000000
627.672405858307001836,106.636535895382962735,-1.000000000000000000,-1.000000000000000000
627.852005363891294110,106.585061797602861589,-1.000000000000000000,-1.000000000000000000
627.730622204148062337,106.497665732959831075,-1.000000000000000000,-1.000000000000000000
628.219525767878735678,106.537670592634185596,-1.000000000000000000,-1.000000000000000000
627.910772490221688713,106.648194055711087458,-1.000000000000000000,-1.000000000000000000
628.091792934422073813,106.500080000000025393,-1.000000000000000000,-1.000000000000000000
627.785675492192808633,106.576850145554544724,-1.000000000000000000,-1.000000000000000000
628.125811743333201775,106.697884148456523690,-1.000000000000000000,-1.000000000000000000
627.644816534941242026,106.659498494417334769,-1.000000000000000000,-1.000000000000000000
627.812709393014529269,106.544822979291893716,-1.000000000000000000,-1.000000000000000000
627.792852882164766015,106.681875083233421719,-1.000000000000000000,-1.000000000000000000
628.066777759713886553,106.598002296824461155,-1.000000000000000000,-1.000000000000000000
627.731524053654538875,106.460163772638793489,-1.000000000000000000,-1.000000000000000000
627.956298130929667423,106.613953612512318614,-1.000000000000000000,-1.000000000000000000
627.793340101522858276,106.547205085062614671,-1.000000000000000000,-1.000000000000000000
628.131379156347747994,106.640996934559552756,-1.000000000000000000,-1.000000000000000000
628.180886539243601874,106.581714498894143617,-1.000000000000000000,-1.000000000000000000
628.117973497922321258,106.577743943157884132,-1.000000000000000000,-1.000000000000000000
627.960410815797672512,106.389778917013813953,-1.000000000000000000,-1.000000000000000000
627.799212758186968131,106.604555528852642965,-1.000000000000000000,-1.000000000000000000
627.796212121212079182,106.562277960306687419,-1.000000000000000000,-1.000000000000000000
627.792736346745869014,106.632369818773895531,-1.000000000000000000,-1.000000000000000000
628.099584278155703032,106.609988552565027931,-1.000000000000000000,-1.000000000000000000
628.073513865170411918,106.576751753754251695,-1.000000000000000000,-1.000000000000000000
627.520980535477406193,106.440384615384573408,-1.000000000000000000,-1.000000000000000000
627.805972578217165392,106.629842945897621576,-1.000000000000000000,-1.000000000000000000
628.053676908903753429,106.614699213018525370,-1.000000000000000000,-1.000000000000000000
628.086663953330571530,106.759944582101070409,-1.000000000000000000,-1.000000000000000000
627.981223328591795507,106.592559976516440656,-1.000000000000000000,-1.000000000000000000
628.035464163313918107,106.422529950105399621,-1.000000000000000000,-1.000000000000000000
628.122322549297450678,106.781801225686081125,-1.000000000000000000,-1.000000000000000000
627.859965530811905410,106.666719919056390609,-1.000000000000000000,-1.000000000000000000
627.919632217527919238,106.658252789093921820,-1.000000000000000000,-1.000000000000000000
627.932092746085913859,106.642859045032082577,-1.000000000000000000,-1.000000000000000000
627.972435454828541879,106.681867795437028690,-1.000000000000000000,-1.000000000000000000
627.986368866328234617,106.591562058580507255,-1.000000000000000000,-1.000000000000000000
627.699925580136664394,106.590923617769249176,-1.000000000000000000,-1.000000000000000000
627.762053402518745315,106.614915434811564410,-1.000000000000000000,-1.000000000000000000
627.775101869525769871,106.623128274688156125,-1.000000000000000000,-1.000000000000000000
627.820061991581042093,106.515454836643129966,-1.000000000000000000,-1.000000000000000000
628.118791955373694691,106.634396567804515144,-1.000000000000000000,-1.000000000000000000
627.948185194220855010,106.581742163990270456,-1.000000000000000000,-1.000000000000000000
627.866636846670985506,106.565048129482988770,-1.000000000000000000,-1.000000000000000000
627.747658871928138069,106.654793280621902340,-1.000000000000000000,-1.000000000000000000
627.702782735680671067,106.645183589907219357,-1.000000000000000000,-1.000000000000000000
627.983086595011172903,106.480126720442967780,-1.000000000000000000,-1.000000000000000000
628.003248071457619517,106.601411639366119743,-1.000000000000000000,-1.000000000000000000
627.719989685544874192,106.606292720551095954,-1.000000000000000000,-1.000000000000000000
627.801800338409520919,106.425264391699329281,-1.000000000000000000,-1.000000000000000000
627.887152213922263400,106.492715408176877645,-1.000000000000000000,-1.000000000000000000
627.824191736700413458,106.572543067870128652,-1.000000000000000000,-1.000000000000000000
627.913801511826363821,106.534879381580708468,-1.000000000000000000,-1.000000000000000000
627.956217328891398211,106.669519771751538428,-1.000000000000000000,-1.000000000000000000
628.295550060134360137,106.721681815765691681,-1.000000000000000000,-1.000000000000000000
627.828744813418211379,106.536500332667969815,-1.000000000000000000,-1.000000000000000000
627.602346311197834439,106.664058965966887627,-1.000000000000000000,-1.000000000000000000
627.734271881423751438,106.536304682932041032,-1.000000000000000000,-1.000000000000000000
627.817985300475584154,106.517494807477191898,-1.000000000000000000,-1.000000000000000000
627.789316743246672559,106.692871028734316496,-1.000000000000000000,-1.000000000000000000
628.103514697703417369,106.663312837711941938,-1.000000000000000000,-1.000000000000000000
628.020268441846610585,106.643852371835805570,-1.000000000000000000,-1.000000000000000000
627.936813410366994503,106.615737041180523192,-1.000000000000000000,-1.000000000000000000
627.734361263271807729,106.608004692957933912,-1.000000000000000000,-1.000000000000000000
628.075818479570216368,106.543998297011739851,-1.000000000000000000,-1.000000000000000000
627.965649423652621408,106.734621115368213395,-1.000000000000000000,-1.000000000000000000
627.914369120986066264,106.588265048052562634,-1.000000000000000000,-1.000000000000000000
627.873510999337440808,106.568160634869855130,-1.000000000000000000,-1.000000000000000000
627.889241235380950457,106.542002607700737826,-1.000000000000000000,-1.000000000000000000
627.778653236942545846,106.681337700029303051,-1.000000000000000000,-1.000000000000000000
627.808653755058458046,106.575873725678093251,-1.000000000000000000,-1.000000000000000000
627.916050085372830836,106.645129515746930338,-1.000000000000000000,-1.000000000000000000
628.028737501016166789,106.626700748196071800,-1.000000000000000000,-1.000000000000000000
627.848879160079491157,106.737480344340497140,-1.000000000000000000,-1.000000000000000000
627.863571351468067405,106.429762856381557867,-1.000000000000000000,-1.000000000000000000
627.960524180460879506,106.580425350688074104,-1.000000000000000000,-1.000000000000000000
627.986329709557026035,106.716564155816513448,-1.000000000000000000,-1.000000000000000000
628.115025472628758507,106.639602275748416105,-1.000000000000000000,-1.000000000000000000
627.845224567099535307,106.575415566050310190,-1.000000000000000000,-1.000000000000000000
627.698307877216393535,106.564405426975213231,-1.000000000000000000,-1.000000000000000000
627.967337262074124737,106.633016279007847515,-1.000000000000000000,-1.000000000000000000
627.906943711700023414,106.686180550009339640,-1.000000000000000000,-1.000000000000000000
627.835360149672624175,106.712560193683998477,-1.000000000000000000,-1.000000000000000000
627.916673418131722428,106.672247913676756070,-1.000000000000000000,-1.000000000000000000
627.806383985933621261,106.646109249507958339,-1.000000000000000000,-1.000000000000000000
627.934075123069646907,106.528614417725293606,-1.000000000000000000,-1.000000000000000000
627.812392264598202019,106.617538256819671005,-1.000000000000000000,-1.000000000000000000
627.808374178042413405,106.494981763969917665,-1.000000000000000000,-1.000000000000000000
627.876639676113313726,106.854458971088433827,-1.000000000000000000,-1.000000000000000000
627.723389044015448235,106.624125920608321394,-1.000000000000000000,-1.000000000000000000
627.704217543574941374,106.718636133939753563,-1.000000000000000000,-1.000000000000000000
627.597440678882207976,106.593086380328941232,-1.000000000000000000,-1.000000000000000000
627.821234046012477847,106.668898097970441086,-1.000000000000000000,-1.000000000000000000
627.938297180924564600,106.679402302517928547,-1.000000000000000000,-1.000000000000000000
627.837945891918934649,106.613662380534037766,-1.000000000000000000,-1.000000000000000000
627.780885591903484055,106.655303635105610738,-1.000000000000000000,-1.000000000000000000
627.874910408806272244,106.585720745883577365,-1.000000000000000000,-1.000000000000000000
627.778748003140890432,106.574500890554759280,-1.000000000000000000,-1.000000000000000000
627.703109953750754357,106.469213590684375959,-1.000000000000000000,-1.000000000000000000
627.836701566431315769,106.755254417430592184,-1.000000000000000000,-1.000000000000000000
627.838013309527696038,106.443788869398758834,-1.000000000000000000,-1.000000000000000000
627.862083891301153926,106.703839608593966659,-1.000000000000000000,-1.000000000000000000
627.945854621144576413,106.450070435637826449,-1.000000000000000000,-1.000000000000000000
627.983093350590479531,106.659185901019668563,-1.000000000000000000,-1.000000000000000000
627.911106607215288022,106.748996144129819186,-1.000000000000000000,-1.000000000000000000
627.984123767058463272,106.672705024871675050,-1.000000000000000000,-1.000000000000000000
627.921289903338447402,106.656510873610841372,-1.000000000000000000,-1.000000000000000000
627.915315388357385018,106.684272019968716450,-1.000000000000000000,-1.000000000000000000
628.096814718755013018,106.532737382605660059,-1.000000000000000000,-1.000000000000000000
627.945670398615447994,106.558634826824231823,-1.000000000000000000,-1.000000000000000000
627.909119089977934891,106.626361655773393977,-1.000000000000000000,-1.000000000000000000
627.980316714592390781,106.533237723421734700,-1.000000000000000000,-1.000000000000000000
627.898671634537549835,106.686241655363119207,-1.000000000000000000,-1.000000000000000000
627.831936176244312264,106.609311848542915868,-1.000000000000000000,-1.000000000000000000
627.748386922599252102,106.589044010104998961,-1.000000000000000000,-1.000000000000000000
627.920975557085171204,106.603092234818291217,-1.000000000000000000,-1.000000000000000000
627.703646801973036418,106.489959839357425153,-1.000000000000000000,-1.000000000000000000
628.133354894350986797,106.822100063734865216,-1.000000000000000000,-1.000000000000000000
627.963088923978034472,106.742817694227596803,-1.000000000000000000,-1.000000000000000000
627.776529895123758251,106.642211589580028885,-1.000000000000000000,-1.000000000000000000
628.081161769672462469,106.523771580345282928,-1.000000000000000000,-1.000000000000000000
628.011430499325228993,106.531201828522853248,-1.000000000000000000,-1.000000000000000000
627.582833927221713566,106.592220361064619283,-1.000000000000000000,-1.000000000000000000
627.679503775620332817,106.467675159235682258,-1.000000000000000000,-1.000000000000000000
628.113063190705588568,106.667623451868394113,-1.000000000000000000,-1.000000000000000000
627.876377814654460963,106.510313662945236501,-1.000000000000000000,-1.000000000000000000
627.862724378513803458,106.642267356962747726,-1.000000000000000000,-1.000000000000000000
627.818270283420474698,106.576218945130904103,-1.000000000000000000,-1.000000000000000000
627.714281852707813414,106.480622009569401598,-1.000000000000000000,-1.000000000000000000
627.892638866352967852,106.604604125083142208,-1.000000000000000000,-1.000000000000000000
627.735865700404474410,106.779987751950329766,-1.000000000000000000,-1.000000000000000000
627.711970818756299195,106.605343531723860906,-1.000000000000000000,-1.000000000000000000
627.917009965874058253,106.568675981370574846,-1.000000000000000000,-1.000000000000000000
627.832627176186178986,106.576838186411350762,-1.000000000000000000,-1.000000000000000000
627.814210547783204674,106.600132855055107939,-1.000000000000000000,-1.000000000000000000
627.800027188689455215,106.602983727535729486,-1.000000000000000000,-1.000000000000000000
627.893809407086678220,106.670410791577069176,-1.000000000000000000,-1.000000000000000000
627.828896612826270029,106.844961856325539884,-1.000000000000000000,-1.000000000000000000
627.965138685338956748,106.581930818111686676,-1.000000000000000000,-1.000000000000000000
627.816738581779645756,106.553765584709026371,-1.000000000000000000,-1.000000000000000000
627.848478654839254887,106.618016296414225508,-1.000000000000000000,-1.000000000000000000
627.799972833469155375,106.737019358260454283,-1.000000000000000000,-1.000000000000000000
627.918837743439212318,106.734038604305851550,-1.000000000000000000,-1.000000000000000000
627.742461817836897353,106.621633835765805998,-1.000000000000000000,-1.000000000000000000
627.874427356020987645,106.596260590125666567,-1.000000000000000000,-1.000000000000000000
627.763399172924209779,106.554189944134122925,-1.000000000000000000,-1.000000000000000000
627.668200887947477895,106.480845969672827778,-1.000000000000000000,-1.000000000000000000
627.662032884902828300,106.587894722864007235,-1.000000000000000000,-1.000000000000000000
628.019693209097908948,106.613022243457066907,-1.000000000000000000,-1.000000000000000000
627.950091519219085967,106.673486718148751606,-1.000000000000000000,-1.000000000000000000
627.973222417050692457,106.604648074369151800,-1.000000000000000000,-1.000000000000000000
627.801484557346839210,106.431353793011794551,-1.000000000000000000,-1.000000000000000000
627.728679014858585106,106.578904029537511633,-1.000000000000000000,-1.000000000000000000
627.727212269272513367,106.580433686333890364,-1.000000000000000000,-1.000000000000000000
627.628966639544387363,106.657253775792355555,-1.000000000000000000,-1.000000000000000000
627.791093567727443769,106.682003927187793124,-1.000000000000000000,-1.000000000000000000
627.866509523422450911,106.675831473807193106,-1.000000000000000000,-1.000000000000000000
628.202487136670356449,106.720430107526908614,-1.000000000000000000,-1.000000000000000000
627.773092941543609413,106.512308715901554024,-1.000000000000000000,-1.000000000000000000
627.835329422627751228,106.441284257488860021,-1.000000000000000000,-1.000000000000000000
627.792125064515289523,106.462120006366376401,-1.000000000000000000,-1.000000000000000000
627.856918685659366020,106.588451108629783448,-1.000000000000000000,-1.000000000000000000
627.742148334823696132,106.522473700988257406,-1.000000000000000000,-1.000000000000000000
627.881147485289488941,106.670649460995150548,-1.000000000000000000,-1.000000000000000000
627.652849390334722557,106.576728857704779330,-1.000000000000000000,-1.000000000000000000
627.941490367728533784,106.890937996820412081,-1.000000000000000000,-1.000000000000000000
628.026262131963108004,106.743179405520209002,-1.000000000000000000,-1.000000000000000000
627.880850601853694570,106.534172375338584970,-1.000000000000000000,-1.000000000000000000
627.779400596691061764,106.555112670068069747,-1.000000000000000000,-1.000000000000000000
627.965433003542216284,106.693190249072586084,-1.000000000000000000,-1.000000000000000000
627.569368047915872921,106.557247243257620539,-1.000000000000000000,-1.000000000000000000
627.776804389753579017,106.708379740121927171,-1.000000000000000000,-1.000000000000000000
627.641596764123050889,106.654705071080002199,-1.000000000000000000,-1.000000000000000000
627.781188091942794927,106.628686611500143044,-1.000000000000000000,-1.000000000000000000
627.953092755512102485,106.586353378468061237,-1.000000000000000000,-1.000000000000000000
627.611321471709857178,106.462194247470279151,-1.000000000000000000,-1.000000000000000000
627.869267457502701291,106.689942208790625955,-1.000000000000000000,-1.000000000000000000
627.842043612688826215,106.886428571428609757,-1.000000000000000000,-1.000000000000000000
628.052836908354379375,106.643315309584409079,-1.000000000000000000,-1.000000000000000000
627.876615092290990106,106.858404966571129080,-1.000000000000000000,-1.000000000000000000
627.850894361985524483,106.587464523487483348,-1.000000000000000000,-1.000000000000000000
627.645798541810904680,106.434709821428555188,-1.000000000000000000,-1.000000000000000000
627.699298989240332958,106.565728261158483292,-1.000000000000000000,-1.000000000000000000
627.710692336977217565,106.600817474852078703,-1.000000000000000000,-1.000000000000000000
627.655997071623232841,106.608074369189921526,-1.000000000000000000,-1.000000000000000000
628.016975623005350826,106.610133503198198923,-1.000000000000000000,-1.000000000000000000
628.021188398706158296,106.603634434275136300,-1.000000000000000000,-1.000000000000000000
627.939626679670595877,106.677181243693894430,-1.000000000000000000,-1.000000000000000000
627.640713276836208934,106.635325365205858361,-1.000000000000000000,-1.000000000000000000
627.601232657272362303,106.648357180710149805,-1.000000000000000000,-1.000000000000000000
627.683759984733228521,106.730372257157227978,-1.000000000000000000,-1.000000000000000000
627.633117368213788723,106.747637251778655809,-1.000000000000000000,-1.000000000000000000
628.100091078395394106,106.796160780570630777,-1.000000000000000000,-1.000000000000000000
627.902304711401143322,106.551036111332223300,-1.000000000000000000,-1.000000000000000000
627.943464772634456494,106.683864118895940010,-1.000000000000000000,-1.000000000000000000
627.876054077580079138,106.588605577689236270,-1.000000000000000000,-1.000000000000000000
627.619470830445607135,106.439837657170187413,-1.000000000000000000,-1.000000000000000000
627.936652812865077067,106.589916812377509814,-1.000000000000000000,-1.000000000000000000
627.772332531495862895,106.461223947962253078,-1.000000000000000000,-1.000000000000000000
627.811206193969042033,106.538128272599237789,-1.000000000000000000,-1.000000000000000000
627.824951394270669880,106.537122538873859412,-1.000000000000000000,-1.000000000000000000
627.837955588231352522,106.676375404530745072,-1.000000000000000000,-1.000000000000000000
627.962310327949126076,106.539002015059963924,-1.000000000000000000,-1.000000000000000000
627.914216985363054846,106.685568103494006209,-1.000000000000000000,-1.000000000000000000
628.203844477140251001,106.529541235746478378,-1.000000000000000000,-1.000000000000000000
627.758453515847804738,106.521200053099732941,-1.000000000000000000,-1.000000000000000000
627.883996463306857549,106.678626359055897410,-1.000000000000000000,-1.000000000000000000
627.929906796010982362,106.712905616431044109,-1.000000000000000000,-1.000000000000000000
627.846045660604090699,106.950286350620444864,-1.000000000000000000,-1.000000000000000000
627.999061262805639672,106.569436713054983557,-1.000000000000000000,-1.000000000000000000
628.085352587636975841,106.667064755838623569,-1.000000000000000000,-1.000000000000000000
628.056478089811434984,106.548059051563882349,-1.000000000000000000,-1.000000000000000000
627.989262219322540659,106.612245440527431128,-1.000000000000000000,-1.000000000000000000
627.986924110961808765,106.683809068197547276,-1.000000000000000000,-1.000000000000000000
627.783137286935698285,106.694236188653121644,-1.000000000000000000,-1.000000000000000000
628.218517315138228696,106.535724724325746138,-1.000000000000000000,-1.000000000000000000
628.212508652632436679,106.693112421007867852,-1.000000000000000000,-1.000000000000000000
627.732605342209922128,106.486717670810776326,-1.000000000000000000,-1.000000000000000000
627.622118189836555757,106.519118703600270237,-1.000000000000000000,-1.000000000000000000
628.004255261481716843,106.710435566873570679,-1.000000000000000000,-1.000000000000000000
627.738137893593943772,106.692499867113156142,-1.000000000000000000,-1.000000000000000000
627.859608480661108842,106.747716894977202173,-1.000000000000000000,-1.000000000000000000
628.034096919884404997,106.652497483976958392,-1.000000000000000000,-1.000000000000000000
627.920064764548214953,106.708091027377236060,-1.000000000000000000,-1.000000000000000000
627.659723637549404884,106.648688124070531558,-1.000000000000000000,-1.000000000000000000
628.073864791251708084,106.702989750942606406,-1.000000000000000000,-1.000000000000000000
627.949218113699316746,106.576600932994097093,-1.000000000000000000,-1.000000000000000000
628.053055860396398202,106.695014584990758522,-1.000000000000000000,-1.000000000000000000
628.166930862089998300,106.541311901541121188,-1.000000000000000000,-1.000000000000000000
627.951074066544720154,106.566732935719073794,-1.000000000000000000,-1.000000000000000000
627.874164629176902963,106.896090125911200630,-1.000000000000000000,-1.000000000000000000
627.507431689538634600,106.664279272109979502,-1.000000000000000000,-1.000000000000000000
628.104685996231637546,106.819360483614332225,-1.000000000000000000,-1.000000000000000000
627.820474254742521225,106.690088796724580789,-1.000000000000000000,-1.000000000000000000
628.054048550016318586,106.583180647388417128,-1.000000000000000000,-1.000000000000000000
627.804354018311300933,106.882959772407048149,-1.000000000000000000,-1.000000000000000000
627.665079106624375527,106.566456621732982057,-1.000000000000000000,-1.000000000000000000
628.121204737732682588,106.876113940165510030,-1.000000000000000000,-1.000000000000000000
627.632141840510712427,106.877943984723060566,-1.000000000000000000,-1.000000000000000000
627.954985916252212519,106.711494618524966427,-1.000000000000000000,-1.000000000000000000
627.856063380950445207,106.557651491032629565,-1.000000000000000000,-1.000000000000000000
627.973332250379030484,106.622115895800106955,-1.000000000000000000,-1.000000000000000000
627.780313527318185152,106.647010451482856297,-1.000000000000000000,-1.000000000000000000
627.703074400769651220,106.633513973010281006,-1.000000000000000000,-1.000000000000000000
627.995042108122788704,106.773788721207324670,-1.000000000000000000,-1.000000000000000000
628.193546197496743844,106.674593075658776797,-1.000000000000000000,-1.000000000000000000
627.962231968810897342,106.831015759502065521,-1.000000000000000000,-1.000000000000000000
627.908877776422627903,106.806023968607519237,-1.000000000000000000,-1.000000000000000000
627.783136936204755330,106.508264462809961515,-1.000000000000000000,-1.000000000000000000
628.120295971647351507,106.535998725708850543,-1.000000000000000000,-1.000000000000000000
627.755601614782335673,106.549342018163997636,-1.000000000000000000,-1.000000000000000000
628.042754153454211519,106.741109341825904266,-1.000000000000000000,-1.000000000000000000
627.897995242949377825,106.519215001719203428,-1.000000000000000000,-1.000000000000000000
627.894311926605496410,106.586500238511689531,-1.000000000000000000,-1.000000000000000000
628.044830344191836957,106.507157626848993459,-1.000000000000000000,-1.000000000000000000
627.798731374706221686,106.670669317428746581,-1.000000000000000000,-1.000000000000000000
628.130548090235379277,106.696550993938444662,-1.000000000000000000,-1.000000000000000000
627.851482867057029580,106.636028436521883123,-1.000000000000000000,-1.000000000000000000
627.921844121389312932,106.597087378640821953,-1.000000000000000000,-1.000000000000000000
628.064066059225524441,106.603110155773151746,-1.000000000000000000,-1.000000000000000000
627.824210383624745191,106.606106424743984462,-1.000000000000000000,-1.000000000000000000
627.771237839378045464,106.558846164052738459,-1.000000000000000000,-1.000000000000000000
627.724080471448928620,106.609708170689600593,-1.000000000000000000,-1.000000000000000000
627.944281644281659283,106.558327374804662213,-1.000000000000000000,-1.000000000000000000
628.127294401322160411,106.585877862595452825,-1.000000000000000000,-1.000000000000000000
627.717623633629955293,106.642586859305083635,-1.000000000000000000,-1.000000000000000000
627.785415818749129357,106.550057109464205496,-1.000000000000000000,-1.000000000000000000
627.746036274709581448,106.559320682506722733,-1.000000000000000000,-1.000000000000000000
627.844467966725005681,106.740411104047439039,-1.000000000000000000,-1.000000000000000000
627.973362658846554041,106.692890442890416125,-1.000000000000000000,-1.000000000000000000
627.947463915292360070,106.469047429677402761,-1.000000000000000000,-1.000000000000000000
627.842353934343691435,106.602321513754191074,-1.000000000000000000,-1.000000000000000000
627.699524585710378233,106.712606157112531946,-1.000000000000000000,-1.000000000000000000
627.871824181805777698,106.552207875019917083,-1.000000000000000000,-1.000000000000000000
627.819029749279366115,106.713039558807963658,-1.000000000000000000,-1.000000000000000000
627.917465605026563935,106.485953345513280510,-1.000000000000000000,-1.000000000000000000
627.756688725589697242,106.598194190695608086,-1.000000000000000000,-1.000000000000000000
627.787695349530054045,106.490953402739137346,-1.000000000000000000,-1.000000000000000000
627.780004072490328326,106.800789111322956160,-1.000000000000000000,-1.000000000000000000
627.639264386536410711,106.670234414228730202,-1.000000000000000000,-1.000000000000000000
627.886639180307838615,106.611451130010891575,-1.000000000000000000,-1.000000000000000000
627.819196155882195853,106.653101237315581784,-1.000000000000000000,-1.000000000000000000
628.003854976856587200,106.619077918290486195,-1.000000000000000000,-1.000000000000000000
627.642873614671998439,106.661413980634051768,-1.000000000000000000,-1.000000000000000000
627.731617796990349234,106.548609454121333329,-1.000000000000000000,-1.000000000000000000
627.551702541899885546,106.639340344168203956,-1.000000000000000000,-1.000000000000000000
627.821062353148931834,106.734202714164553072,-1.000000000000000000,-1.000000000000000000
628.149053030303093692,106.724433476622607486,-1.000000000000000000,-1.000000000000000000
627.878242290629032141,106.791792507815443969,-1.000000000000000000,-1.000000000000000000
627.668869759155768406,106.642017564806678820,-1.000000000000000000,-1.000000000000000000
627.763318050324755859,106.679518774677376314,-1.000000000000000000,-1.000000000000000000
627.807342576309110882,106.702127095268451740,-1.000000000000000000,-1.000000000000000000
627.911178297107426260,106.722124927028630736,-1.000000000000000000,-1.000000000000000000
627.798739570147176892,106.748682921663657908,-1.000000000000000000,-1.000000000000000000
627.894011723584526408,106.491307454155730738,-1.000000000000000000,-1.000000000000000000
627.796912647527278750,106.612343323528648398,-1.000000000000000000,-1.000000000000000000
627.754063459570147643,106.669846822494264416,-1.000000000000000000,-1.000000000000000000
627.839683318344100371,106.624347457402564032,-1.000000000000000000,-1.000000000000000000
627.939312113029473039,106.732067175248971580,-1.000000000000000000,-1.000000000000000000
627.624706812851172799,106.682192724478682067,-1.000000000000000000,-1.000000000000000000
628.003225016329224673,106.795148533185169981,-1.000000000000000000,-1.000000000000000000
627.899735644400834644,106.576121539929999926,-1.000000000000000000,-1.000000000000000000
627.795845770127129981,106.621047051027176167,-1.000000000000000000,-1.000000000000000000
627.641898991553034648,106.653388460417204442,-1.000000000000000000,-1.000000000000000000
628.040261790078147897,106.698677690330441692,-1.000000000000000000,-1.000000000000000000
627.969207491616884909,106.670039571880124640,-1.000000000000000000,-1.000000000000000000
627.844925401631030581,106.663834405357420110,-1.000000000000000000,-1.000000000000000000
627.848566674849280389,106.480962615086582446,-1.000000000000000000,-1.000000000000000000
627.916567472533529326,106.587685133667150694,-1.000000000000000000,-1.000000000000000000
628.120675070945253538,106.675300598548687958,-1.000000000000000000,-1.000000000000000000
627.741801882808090340,106.509138588683981652,-1.000000000000000000,-1.000000000000000000
628.142140993593670828,106.694892793723965951,-1.000000000000000000,-1.000000000000000000
627.994754646178307667,106.656503903665452526,-1.000000000000000000,-1.000000000000000000
627.823087655942231322,106.652942267440266733,-1.000000000000000000,-1.000000000000000000
627.621565003080718270,106.566203151900367629,-1.000000000000000000,-1.000000000000000000
627.773588005750639240,106.699107544821345073,-1.000000000000000000,-1.000000000000000000
627.957086894586836934,106.681897647806749774,-1.000000000000000000,-1.000000000000000000
628.009950861632432861,106.649411577608134394,-1.000000000000000000,-1.000000000000000000
628.011520611520609236,106.684568734938125090,-1.000000000000000000,-1.000000000000000000
627.891261659302927001,106.719484778756395826,-1.000000000000000000,-1.000000000000000000
627.963375992757505628,106.536031380032341076,-1.000000000000000000,-1.000000000000000000
627.776690415745406426,106.692085683268487628,-1.000000000000000000,-1.000000000000000000
627.896397692550181091,106.682164997615700486,-1.000000000000000000,-1.000000000000000000
627.824919133603543742,106.835915362411014939,-1.000000000000000000,-1.000000000000000000
628.123230003827075052,106.539291298931857455,-1.000000000000000000,-1.000000000000000000
627.846599585514809405,106.651266963528428278,-1.000000000000000000,-1.000000000000000000
627.871968136245072856,106.747440997083003822,-1.000000000000000000,-1.000000000000000000
627.673021090112342790,106.622995998622059233,-1.000000000000000000,-1.000000000000000000
627.933169398907125469,106.712413097702096820,-1.000000000000000000,-1.000000000000000000
628.276807027594713873,106.748800339351532784,-1.000000000000000000,-1.000000000000000000
628.072727521143292506,106.751737492705160548,-1.000000000000000000,-1.000000000000000000
627.672269943693208916,106.501046219043814745,-1.000000000000000000,-1.000000000000000000
627.774426589754170891,106.638166441316116106,-1.000000000000000000,-1.000000000000000000
627.869902673401497850,106.737765392781284390,-1.000000000000000000,-1.000000000000000000
628.114915661991858542,106.787226721719321176,-1.000000000000000000,-1.000000000000000000
627.734055058913554603,106.585240107364029427,-1.000000000000000000,-1.000000000000000000
627.933712277233212262,106.459363489413590287,-1.000000000000000000,-1.000000000000000000
627.856417016835621325,106.700820105820071149,-1.000000000000000000,-1.000000000000000000
628.016938674579591861,106.591579895609811501,-1.000000000000000000,-1.000000000000000000
627.895438827597558884,106.739301980722416374,-1.000000000000000000,-1.000000000000000000
627.870820961178878861,106.620589093030048389,-1.000000000000000000,-1.000000000000000000
627.931173423238192299,106.767255557324006077,-1.000000000000000000,-1.000000000000000000
628.015324407826938113,106.665393389569771898,-1.000000000000000000,-1.000000000000000000
627.931796626943196316,106.733349216433680340,-1.000000000000000000,-1.000000000000000000
627.725300510456122538,106.680723530659861353,-1.000000000000000000,-1.000000000000000000
627.928609614672836869,106.603719030187221506,-1.000000000000000000,-1.000000000000000000
627.950870262930493482,106.638692415693185467,-1.000000000000000000,-1.000000000000000000
628.138884315662380686,106.730977901283608844,-1.000000000000000000,-1.000000000000000000
627.934095411026760303,106.798861982268135762,-1.000000000000000000,-1.000000000000000000
627.757835693275865196,106.641304635586266158,-1.000000000000000000,-1.000000000000000000
627.691397716499750459,106.637275187012619426,-1.000000000000000000,-1.000000000000000000
627.593875563966548725,106.701813065753526644,-1.000000000000000000,-1.000000000000000000
627.907205464795652006,106.637792979106961866,-1.000000000000000000,-1.000000000000000000
628.032132317617197259,106.730096829818307924,-1.000000000000000000,-1.000000000000000000
627.770558138896944911,106.711509835194078732,-1.000000000000000000,-1.000000000000000000
627.671512904997257465,106.729087048832298024,-1.000000000000000000,-1.000000000000000000
627.706124126592726498,106.781802775129790462,-1.000000000000000000,-1.000000000000000000
627.706588796578103029,106.597556440903076691,-1.000000000000000000,-1.000000000000000000
628.007392804337087000,106.727703633089731738,-1.000000000000000000,-1.000000000000000000
627.844665107436412654,106.661517226734645192,-1.000000000000000000,-1.000000000000000000
628.128700657894796677,106.673507808978342837,-1.000000000000000000,-1.000000000000000000
627.983859735365172128,106.641838897721299873,-1.000000000000000000,-1.000000000000000000
627.943801630286088766,106.653743280103753932,-1.000000000000000000,-1.000000000000000000
627.630173710846634094,106.746179313998140969,-1.000000000000000000,-1.000000000000000000
627.800224466891108932,106.683558737735324939,-1.000000000000000000,-1.000000000000000000
628.026425686314723862,106.778809769521899398,-1.000000000000000000,-1.000000000000000000
628.042492257940693889,106.592292840329037062,-1.000000000000000000,-1.000000000000000000
628.238281464405304177,106.698165234913631139,-1.000000000000000000,-1.000000000000000000
627.754974816282697248,106.719645221074870278,-1.000000000000000000,-1.000000000000000000
627.825798748353122392,106.844767349531480249,-1.000000000000000000,-1.000000000000000000
627.885906317004810262,106.592307488823621497,-1.000000000000000000,-1.000000000000000000
628.056943358437251845,106.712357464863430323,-1.000000000000000000,-1.000000000000000000
628.221910807023277812,106.695076661891903314,-1.000000000000000000,-1.000000000000000000
627.870372656325002936,106.699946921443711290,-1.000000000000000000,-1.000000000000000000
628.161877671050319805,106.661760806152187797,-1.000000000000000000,-1.000000000000000000
627.702799170819389474,106.608866576353989331,-1.000000000000000000,-1.000000000000000000
628.114131331463454444,106.707902413152964982,-1.000000000000000000,-1.000000000000000000
627.913994388558194260,106.618498183072119900,-1.000000000000000000,-1.000000000000000000
628.159630010277510337,106.460902733630064176,-1.000000000000000000,-1.000000000000000000
628.058701071027485341,106.687407171652921534,-1.000000000000000000,-1.000000000000000000
627.749433526964139674,106.600826972010167992,-1.000000000000000000,-1.000000000000000000
627.907404362600004788,106.731241871698898649,-1.000000000000000000,-1.000000000000000000
627.950496272805935405,106.737564367999198112,-1.000000000000000000,-1.000000000000000000
627.801747228746876317,106.762166321710992634,-1.000000000000000000,-1.000000000000000000
627.804299481097132229,106.637226064604988096,-1.000000000000000000,-1.000000000000000000
627.953887884267601294,106.693912675086721720,-1.000000000000000000,-1.000000000000000000
628.027481941417590861,106.712958539045530415,-1.000000000000000000,-1.000000000000000000
627.651863719771085925,106.714312228232074631,-1.000000000000000000,-1.000000000000000000
627.726137609649185833,106.603670358271529039,-1.000000000000000000,-1.000000000000000000
628.058694519834375569,106.749589099199397424,-1.000000000000000000,-1.000000000000000000
627.907975544223290854,106.527197096150302968,-1.000000000000000000,-1.000000000000000000
627.985291292774604699,106.548910302354556734,-1.000000000000000000,-1.000000000000000000
627.810732833237125305,106.728316495638068773,-1.000000000000000000,-1.000000000000000000
627.597421715920972929,106.749072602013825417,-1.000000000000000000,-1.000000000000000000
627.957356837870861455,106.829250185597629752,-1.000000000000000000,-1.000000000000000000
628.100557431968582023,106.713051314673407433,-1.000000000000000000,-1.000000000000000000
628.029783677886939586,106.888250624966758551,-1.000000000000000000,-1.000000000000000000
627.813870007916420946,106.780080782312893461,-1.000000000000000000,-1.000000000000000000
628.014814814814826605,106.640860386165968521,-1.000000000000000000,-1.000000000000000000
627.797071645965274911,106.685447503846376094,-1.000000000000000000,-1.000000000000000000
627.997116374871211519,106.569934432321929307,-1.000000000000000000,-1.000000000000000000
628.045245146429806482,106.746855220995257696,-1.000000000000000000,-1.000000000000000000
627.941222409470128696,106.669663696159545907,-1.000000000000000000,-1.000000000000000000
627.925528120713352109,106.688332671169405330,-1.000000000000000000,-1.000000000000000000
627.851153904306329423,106.600419020341064424,-1.000000000000000000,-1.000000000000000000
627.637561552639567708,106.747613744829777715,-1.000000000000000000,-1.000000000000000000
628.034464787766637528,106.793048722425055530,-1.000000000000000000,-1.000000000000000000
627.807972948923293188,106.751743708064850580,-1.000000000000000000,-1.000000000000000000
628.224474690571128122,106.653063930209782484,-1.000000000000000000,-1.000000000000000000
628.060496613995496773,106.606715963001306591,-1.000000000000000000,-1.000000000000000000
627.617321993508312516,106.525360879353684140,-1.000000000000000000,-1.000000000000000000
627.733571937907981919,106.748753447910075920,-1.000000000000000000,-1.000000000000000000
628.029810409635956603,106.582703276296570039,-1.000000000000000000,-1.000000000000000000
627.796119030990212195,106.733041633518951130,-1.000000000000000000,-1.000000000000000000
627.831626146694588897,106.644838743899867950,-1.000000000000000000,-1.000000000000000000
627.792214012041654314,106.665474676838357482,-1.000000000000000000,-1.000000000000000000
627.975041848467412819,106.619752693307873415,-1.000000000000000000,-1.000000000000000000
627.726530109601412732,106.569107630330563552,-1.000000000000000000,-1.000000000000000000
628.109841165426360021,106.719657167117702556,-1.000000000000000000,-1.000000000000000000
628.329685550115868864,106.475898497637672335,-1.000000000000000000,-1.000000000000000000
628.288872452333976071,106.768051355509555833,-1.000000000000000000,-1.000000000000000000
628.011107919180290082,106.691165553080963946,-1.000000000000000000,-1.000000000000000000
628.051502322331316464,106.710372960372978923,-1.000000000000000000,-1.000000000000000000
627.859652004873623810,106.714061919175833282,-1.000000000000000000,-1.000000000000000000
627.784111599381276392,106.779433245690938747,-1.000000000000000000,-1.000000000000000000
627.963101143864491860,106.661828814460363901,-1.000000000000000000,-1.000000000000000000
627.821283654109720374,106.627569560489064315,-1.000000000000000000,-1.000000000000000000
627.739394686049877237,106.610337233675636526,-1.000000000000000000,-1.000000000000000000
627.868946220631187316,106.591948086346178570,-1.000000000000000000,-1.000000000000000000
627.588035452540452752,106.516066650772245339,-1.000000000000000000,-1.000000000000000000
628.138567844363137738,106.708134605193436073,-1.000000000000000000,-1.000000000000000000
628.179842411784875367,106.708064815551551874,-1.000000000000000000,-1.000000000000000000
628.106578857103613700,106.711635795108236380,-1.000000000000000000,-1.000000000000000000
628.026633785450030700,106.775265148509561186,-1.000000000000000000,-1.000000000000000000
627.775584344369008249,106.612427133015330583,-1.000000000000000000,-1.000000000000000000
627.800393878472050346,106.688957803223047449,-1.000000000000000000,-1.000000000000000000
628.115237783595148358,106.535496527225518548,-1.000000000000000000,-1.000000000000000000
628.231361349109192815,106.475445009535860663,-1.000000000000000000,-1.000000000000000000
628.098878945145997932,106.764301998833616381,-1.000000000000000000,-1.000000000000000000
628.005895952175706043,106.575526622208144545,-1.000000000000000000,-1.000000000000000000
627.849522325638645270,106.692303617776360625,-1.000000000000000000,-1.000000000000000000
627.923522342401383867,106.758411487309899712,-1.000000000000000000,-1.000000000000000000
628.054665847498085895,106.660604616687805901,-1.000000000000000000,-1.000000000000000000
628.116861139542834280,106.677346868638778687,-1.000000000000000000,-1.000000000000000000
628.344493560358046125,106.531325937665087622,-1.000000000000000000,-1.000000000000000000
627.957174646079920421,106.520387117245718400,-1.000000000000000000,-1.000000000000000000
627.947267759562805622,106.681782209559969488,-1.000000000000000000,-1.000000000000000000
627.693907692307675461,106.492323088672947051,-1.000000000000000000,-1.000000000000000000
627.731085099997244470,106.757241780315098367,-1.000000000000000000,-1.000000000000000000
628.096808916503164255,106.704316394913234944,-1.000000000000000000,-1.000000000000000000
628.230830986107093850,106.625560656429797746,-1.000000000000000000,-1.000000000000000000
627.919897486231548100,106.512355935332379886,-1.000000000000000000,-1.000000000000000000
627.731646540157157688,106.796217157328328540,-1.000000000000000000,-1.000000000000000000
627.778694355522702608,106.695688881853243402,-1.000000000000000000,-1.000000000000000000
627.884587961058514338,106.668963514441088591,-1.000000000000000000,-1.000000000000000000
628.023331279523517878,106.650945888818455387,-1.000000000000000000,-1.000000000000000000
628.245540542390472183,106.522432596582916631,-1.000000000000000000,-1.000000000000000000
628.041642647341404881,106.719470899470934455,-1.000000000000000000,-1.000000000000000000
627.958871056695329571,106.803770691205272669,-1.000000000000000000,-1.000000000000000000
627.749027720314416001,106.657803253456449966,-1.000000000000000000,-1.000000000000000000
627.997919766352538318,106.681206804890962303,-1.000000000000000000,-1.000000000000000000
627.924115649076270529,106.696065956205984548,-1.000000000000000000,-1.000000000000000000
628.094196003805905093,106.637817447667657689,-1.000000000000000000,-1.000000000000000000
627.929945187701036957,106.392645031286519952,-1.000000000000000000,-1.000000000000000000
627.932137717258910925,106.709363653229502233,-1.000000000000000000,-1.000000000000000000
627.843141317861636708,106.634599559342746034,-1.000000000000000000,-1.000000000000000000
627.588667192101866021,106.499853906021712646,-1.000000000000000000,-1.000000000000000000
627.983175604626694621,106.687616164834594201,-1.000000000000000000,-1.000000000000000000
627.846214511041011974,106.488386291842516584,-1.000000000000000000,-1.000000000000000000
627.866274331026261279,106.429493307839379668,-1.000000000000000000,-1.000000000000000000
627.697537517618798120,106.637375185893347407,-1.000000000000000000,-1.000000000000000000
628.018798337599491788,106.715482058620864336,-1.000000000000000000,-1.000000000000000000
627.990113228389986944,106.859075565478633507,-1.000000000000000000,-1.000000000000000000
627.923825697953816416,106.803876338954296443,-1.000000000000000000,-1.000000000000000000
628.046692017304621913,106.639168129354857228,-1.000000000000000000,-1.000000000000000000
627.888199014859878844,106.575719019218013273,-1.000000000000000000,-1.000000000000000000
627.794624501565976971,106.470433535224742627,-1.000000000000000000,-1.000000000000000000
627.746987619599053687,106.767971775690966751,-1.000000000000000000,-1.000000000000000000
628.166033162562712278,106.573028638161190429,-1.000000000000000000,-1.000000000000000000
628.223416274007377069,106.773570898292518905,-1.000000000000000000,-1.000000000000000000
628.244679678023999259,106.706755753526294939,-1.000000000000000000,-1.000000000000000000
627.916934796358987114,106.654043015885690693,-1.000000000000000000,-1.000000000000000000
628.041565229351476773,106.506153150998102319,-1.000000000000000000,-1.000000000000000000
627.849406456760107176,106.654924724342663467,-1.000000000000000000,-1.000000000000000000
628.016192325168276511,106.751184896867698626,-1.000000000000000000,-1.000000000000000000
628.053221865304863059,106.611102274534800927,-1.000000000000000000,-1.000000000000000000
628.100079843616640574,106.689077856367021013,-1.000000000000000000,-1.000000000000000000
627.908384794840117138,106.539726680438548101,-1.000000000000000000,-1.000000000000000000
628.015397350993339387,106.594177537384666721,-1.000000000000000000,-1.000000000000000000
627.826797115808062699,106.569543792719741759,-1.000000000000000000,-1.000000000000000000
627.894945067063645183,106.675455315544240875,-1.000000000000000000,-1.000000000000000000
627.891368246739830283,106.565238095238100868,-1.000000000000000000,-1.000000000000000000
628.108942282508337485,106.683707761107143597,-1.000000000000000000,-1.000000000000000000
627.788161222918688509,106.512812350787839932,-1.000000000000000000,-1.000000000000000000
627.858815910938460547,106.691211904572810454,-1.000000000000000000,-1.000000000000000000
627.773674124929357276,106.703129554548581837,-1.000000000000000000,-1.000000000000000000
627.974513610640656225,106.641497948921596617,-1.000000000000000000,-1.000000000000000000
627.777938442470599512,106.772177686059762891,-1.000000000000000000,-1.000000000000000000
627.853719998347628461,106.818191452719702284,-1.000000000000000000,-1.000000000000000000
628.064385318823156013,106.690686157675941104,-1.000000000000000000,-1.000000000000000000
627.696389246686294427,106.700646734520773862,-1.000000000000000000,-1.000000000000000000
627.774745720664895998,106.639454160042419062,-1.000000000000000000,-1.000000000000000000
627.931706441277242448,106.578079868564032040,-1.000000000000000000,-1.000000000000000000
627.826270310497420724,106.650707952891366403,-1.000000000000000000,-1.000000000000000000
628.153501516404730864,106.712975480450609211,-1.000000000000000000,-1.000000000000000000
627.620365779760959413,106.695297822232760154,-1.000000000000000000,-1.000000000000000000
627.828098853531400891,106.678910266603111268,-1.000000000000000000,-1.000000000000000000
627.687120366927047144,106.667567424362800921,-1.000000000000000000,-1.000000000000000000
627.936287286417609721,106.569359493737920275,-1.000000000000000000,-1.000000000000000000
628.135990010017394525,106.911923259870036418,-1.000000000000000000,-1.000000000000000000
627.791312948157951723,106.754197785899691553,-1.000000000000000000,-1.000000000000000000
627.919190668757437379,106.676656067832482222,-1.000000000000000000,-1.000000000000000000
627.903450459006080564,106.637355363147776188,-1.000000000000000000,-1.000000000000000000
627.839960909003366396,106.613742318287791022,-1.000000000000000000,-1.000000000000000000
627.745420036309610623,106.574559313959071005,-1.000000000000000000,-1.000000000000000000
627.981927379676221790,106.698471968433068469,-1.000000000000000000,-1.000000000000000000
628.070746671068604883,106.534657661236906279,-1.000000000000000000,-1.000000000000000000
627.837157385588511715,106.571674752777084905,-1.000000000000000000,-1.000000000000000000
627.660170121397300136,106.562964727051394220,-1.000000000000000000,-1.000000000000000000
627.831685898231285137,106.676459689799344233,-1.000000000000000000,-1.000000000000000000
627.951220521307391209,106.660967528164292162,-1.000000000000000000,-1.000000000000000000
627.868021769604979454,106.723729441006980778,-1.000000000000000000,-1.000000000000000000
628.105777411829308221,106.739909009152029284,-1.000000000000000000,-1.000000000000000000
627.993650401821241758,106.568258255872478912,-1.000000000000000000,-1.000000000000000000
627.912658767837683627,106.627444744792455822,-1.000000000000000000,-1.000000000000000000
627.833987576270942554,106.702216579378955430,-1.000000000000000000,-1.000000000000000000
628.049039454658100112,106.648656534309452582,-1.000000000000000000,-1.000000000000000000
628.076216788311171513,106.656578494452787709,-1.000000000000000000,-1.000000000000000000
627.912606405654742048,106.599862204202736393,-1.000000000000000000,-1.000000000000000000
628.144882192307136393,106.438952025219236930,-1.000000000000000000,-1.000000000000000000
628.024783861671494378,106.589013494525261194,-1.000000000000000000,-1.000000000000000000
627.865288323979257257,106.524234693877588143,-1.000000000000000000,-1.000000000000000000
627.904783480242713267,106.543879173290974904,-1.000000000000000000,-1.000000000000000000
627.847322372848793748,106.656669318483181996,-1.000000000000000000,-1.000000000000000000
628.044116227435097244,106.576949620427853915,-1.000000000000000000,-1.000000000000000000
627.649572649572633054,106.574964189081697441,-1.000000000000000000,-1.000000000000000000
627.996982722989173453,106.568644607063333751,-1.000000000000000000,-1.000000000000000000
627.853959986772451884,106.516164994425821533,-1.000000000000000000,-1.000000000000000000
628.006471689799582236,106.707432718796326299,-1.000000000000000000,-1.000000000000000000
628.072263855719370440,106.658940045669396568,-1.000000000000000000,-1.000000000000000000
628.107980060149088786,106.696880549150591833,-1.000000000000000000,-1.000000000000000000
628.049817573313589492,106.554237333121022857,-1.000000000000000000,-1.000000000000000000
628.023776088991667166,106.811197503438052081,-1.000000000000000000,-1.000000000000000000
627.847990105133021643,106.747524621061302241,-1.000000000000000000,-1.000000000000000000
627.853629298941768866,106.731029161345304601,-1.000000000000000000,-1.000000000000000000
627.878884166219677354,106.705848046232972592,-1.000000000000000000,-1.000000000000000000
628.126302780638525292,106.632664969234042474,-1.000000000000000000,-1.000000000000000000
627.820322691383466918,106.639441174911212329,-1.000000000000000000,-1.000000000000000000
627.696800902239147035,106.676938185099629663,-1.000000000000000000,-1.000000000000000000
627.586380814952235596,106.591255004905519854,-1.000000000000000000,-1.000000000000000000
627.798711223098848677,106.575094479240988221,-1.000000000000000000,-1.000000000000000000
627.926170163074061747,106.731320354919944293,-1.000000000000000000,-1.000000000000000000
628.005825296073453501,106.632313600847624002,-1.000000000000000000,-1.000000000000000000
627.820552925842093828,106.575666163901473737,-1.000000000000000000,-1.000000000000000000
627.811152835664870508,106.664098694834933667,-1.000000000000000000,-1.000000000000000000
627.700394056317236391,106.635457166283117658,-1.000000000000000000,-1.000000000000000000
628.028728522336791684,106.800789111322956160,-1.000000000000000000,-1.000000000000000000
627.926520200773438773,106.820390788186500686,-1.000000000000000000,-1.000000000000000000
628.129288685695428285,106.535679296740568134,-1.000000000000000000,-1.000000000000000000
627.909846424352281247,106.628065431215077297,-1.000000000000000000,-1.000000000000000000
627.768282084178281366,106.901680938788445019,-1.000000000000000000,-1.000000000000000000
627.773845007451541278,106.770631517653896481,-1.000000000000000000,-1.000000000000000000
627.940840692140568535,106.599835900693506119,-1.000000000000000000,-1.000000000000000000
627.797194631056868275,106.760834458475642350,-1.000000000000000000,-1.000000000000000000
628.217383534716191207,106.825478684015706676,-1.000000000000000000,-1.000000000000000000
627.851931153751138481,106.741920957830075167,-1.000000000000000000,-1.000000000000000000
627.870009897723548420,106.714573077126715361,-1.000000000000000000,-1.000000000000000000
627.895800676511839811,106.790349065098780557,-1.000000000000000000,-1.000000000000000000
628.093696809970879258,106.767315587339453486,-1.000000000000000000,-1.000000000000000000
628.107607340103299975,106.632257723512793746,-1.000000000000000000,-1.000000000000000000
628.142525705970342642,106.801868317984599344,-1.000000000000000000,-1.000000000000000000
628.122245533204477397,106.695559973492436256,-1.000000000000000000,-1.000000000000000000
627.829765629288090167,106.711366944554697511,-1.000000000000000000,-1.000000000000000000
627.763515740893353723,106.561279568185454991,-1.000000000000000000,-1.000000000000000000
627.904683445236287298,106.602990604737328795,-1.000000000000000000,-1.000000000000000000
628.161109739030166565,106.719337250542594120,-1.000000000000000000,-1.000000000000000000
628.006661986758672356,106.639372499138744388,-1.000000000000000000,-1.000000000000000000
627.877787383530289844,106.670220666242357765,-1.000000000000000000,-1.000000000000000000
627.611741252491924570,106.563114254682204773,-1.000000000000000000,-1.000000000000000000
627.950976753137865671,106.675880328302923772,-1.000000000000000000,-1.000000000000000000
627.868038940681458371,106.738753043294195777,-1.000000000000000000,-1.000000000000000000
628.062678062678060087,106.733354504075350633,-1.000000000000000000,-1.000000000000000000
628.077501167806985904,106.500252143217380763,-1.000000000000000000,-1.000000000000000000
628.053033109674970547,106.535650836581567091,-1.000000000000000000,-1.000000000000000000
627.972906776745730895,106.644723591455999667,-1.000000000000000000,-1.000000000000000000
627.645761221910902350,106.566176275679254104,-1.000000000000000000,-1.000000000000000000
628.167215860724354570,106.649167394699929901,-1.000000000000000000,-1.000000000000000000
627.792932202924816920,106.694775921506220584,-1.000000000000000000,-1.000000000000000000
627.996471282832885663,106.604937289528834299,-1.000000000000000000,-1.000000000000000000
628.088397258957115810,106.592586692156601202,-1.000000000000000000,-1.000000000000000000
627.951186300804579332,106.619434272674197928,-1.000000000000000000,-1.000000000000000000
628.136721113127691751,106.544784625579836757,-1.000000000000000000,-1.000000000000000000
627.838822108787553589,106.681281440296515939,-1.000000000000000000,-1.000000000000000000
627.789766178165677957,106.753896810855280819,-1.000000000000000000,-1.000000000000000000
628.054398005452185316,106.615443851403369990,-1.000000000000000000,-1.000000000000000000
628.052246905439005786,106.471117122851637760,-1.000000000000000000,-1.000000000000000000
628.012778190421158797,106.592312589527296041,-1.000000000000000000,-1.000000000000000000
627.891222135126554349,106.513706445877460283,-1.000000000000000000,-1.000000000000000000
627.816488340192108808,106.694698597077490376,-1.000000000000000000,-1.000000000000000000
627.939214476660481523,106.548735888058558885,-1.000000000000000000,-1.000000000000000000
628.144480675829981919,106.707178506955528974,-1.000000000000000000,-1.000000000000000000
628.091881574249555342,106.686393042740519377,-1.000000000000000000,-1.000000000000000000
627.984037131917489205,106.584502178302045650,-1.000000000000000000,-1.000000000000000000
627.891100943901733444,106.569022764098122025,-1.000000000000000000,-1.000000000000000000
627.913083546532448054,106.726503210741384464,-1.000000000000000000,-1.000000000000000000
628.061977582285067001,106.675205515778316112,-1.000000000000000000,-1.000000000000000000
628.085421552894672459,106.617165383496057984,-1.000000000000000000,-1.000000000000000000
628.134209658809936627,106.750265392781329865,-1.000000000000000000,-1.000000000000000000
628.024151597721129292,106.623255320278076397,-1.000000000000000000,-1.000000000000000000
628.104865667946000940,106.637019358260431545,-1.000000000000000000,-1.000000000000000000
628.084699792105539018,106.497553104250982869,-1.000000000000000000,-1.000000000000000000
628.091399180350435927,106.745137011713609354,-1.000000000000000000,-1.000000000000000000
628.138578170360915465,106.686115312160040958,-1.000000000000000000,-1.000000000000000000
628.038999476886601769,106.678411410694934602,-1.000000000000000000,-1.000000000000000000
627.999574392135855305,106.802348388464793061,-1.000000000000000000,-1.000000000000000000
628.033114947738567935,106.791123476417624261,-1.000000000000000000,-1.000000000000000000
628.084006484229007583,106.654080033989203002,-1.000000000000000000,-1.000000000000000000
628.137707390648529326,106.676507254449461470,-1.000000000000000000,-1.000000000000000000
628.026816763569854629,106.625082981491800638,-1.000000000000000000,-1.000000000000000000
628.106504332565577897,106.423376071779330232,-1.000000000000000000,-1.000000000000000000
627.970928475256187085,106.592392025696199198,-1.000000000000000000,-1.000000000000000000
627.730662490039321710,106.681193998197386463,-1.000000000000000000,-1.000000000000000000
627.965452425053172192,106.623887338913277745,-1.000000000000000000,-1.000000000000000000
627.817599978071939404,106.701912590109827761,-1.000000000000000000,-1.000000000000000000
628.254122557702089580,106.657460469065085817,-1.000000000000000000,-1.000000000000000000
628.134180790960499507,106.610309168726871576,-1.000000000000000000,-1.000000000000000000
628.011480520193913435,106.678376516716980404,-1.000000000000000000,-1.000000000000000000
627.844157806533189614,106.609061025396385958,-1.000000000000000000,-1.000000000000000000
628.013115565454086209,106.667595393514829993,-1.000000000000000000,-1.000000000000000000
628.220667900980629383,106.713425631232780688,-1.000000000000000000,-1.000000000000000000
628.149360452349583284,106.647464460004243847,-1.000000000000000000,-1.000000000000000000
627.835041503738807478,106.644872202778628889,-1.000000000000000000,-1.000000000000000000
628.023710419671715499,106.509140937111396852,-1.000000000000000000,-1.000000000000000000
627.760614049541345594,106.724101423958472878,-1.000000000000000000,-1.000000000000000000
627.973461290278237357,106.767704857248759254,-1.000000000000000000,-1.000000000000000000
628.023533442982511588,106.720624072896839607,-1.000000000000000000,-1.000000000000000000
627.958175893981660920,106.832645284217164772,-1.000000000000000000,-1.000000000000000000
627.943846680355932222,106.579080075377532921,-1.000000000000000000,-1.000000000000000000
628.133078283763211402,106.666534012522561170,-1.000000000000000000,-1.000000000000000000
627.975913678127881212,106.785089810840872815,-1.000000000000000000,-1.000000000000000000
627.944051341122303711,106.582093904928569827,-1.000000000000000000,-1.000000000000000000
628.121924489013053972,106.706126769882189365,-1.000000000000000000,-1.000000000000000000
628.119350514335792468,106.635890905231917714,-1.000000000000000000,-1.000000000000000000
627.717824492253839708,106.541428117048326385,-1.000000000000000000,-1.000000000000000000
627.950078067220033518,106.687079158051005834,-1.000000000000000000,-1.000000000000000000
627.922375937779634114,106.592283214001554370,-1.000000000000000000,-1.000000000000000000
628.103923502657721656,106.575579237580200243,-1.000000000000000000,-1.000000000000000000
627.966057763515209444,106.801473706530941854,-1.000000000000000000,-1.000000000000000000
628.255519855000784446,106.769892985802016483,-1.000000000000000000,-1.000000000000000000
628.136749678091064197,106.723478214721694712,-1.000000000000000000,-1.000000000000000000
627.945020718421574202,106.545695294086499416,-1.000000000000000000,-1.000000000000000000
628.032213000246542833,106.763522811474558694,-1.000000000000000000,-1.000000000000000000
628.038452027695370816,106.684295636498632120,-1.000000000000000000,-1.000000000000000000
628.198860750806375108,106.830898697999373326,-1.000000000000000000,-1.000000000000000000
627.957069458182218114,106.769012365334560855,-1.000000000000000000,-1.000000000000000000
627.845469155643513659,106.748275496126552753,-1.000000000000000000,-1.000000000000000000
628.000082348581599945,106.519703586079117485,-1.000000000000000000,-1.000000000000000000
627.854809013465228418,106.746104928457839378,-1.000000000000000000,-1.000000000000000000
627.895965157367072607,106.658351869505395371,-1.000000000000000000,-1.000000000000000000
627.954882791105319484,106.900492376111856174,-1.000000000000000000,-1.000000000000000000
628.184267566603580235,106.702366754127865534,-1.000000000000000000,-1.000000000000000000
627.933893142339684346,106.705579854208053803,-1.000000000000000000,-1.000000000000000000
627.856117571324830351,106.688800530152434476,-1.000000000000000000,-1.000000000000000000
627.984879073791717019,106.652764512363319227,-1.000000000000000000,-1.000000000000000000
627.866992778942517361,106.779066687854196971,-1.000000000000000000,-1.000000000000000000
627.980660403274555392,106.785615930515859873,-1.000000000000000000,-1.000000000000000000
628.136444773988046109,106.670056946099862216,-1.000000000000000000,-1.000000000000000000
628.012379227053088471,106.661571125265368210,-1.000000000000000000,-1.000000000000000000
628.015468794997332225,106.512745098039204095,-1.000000000000000000,-1.000000000000000000
627.957901660911034014,106.726657144368573427,-1.000000000000000000,-1.000000000000000000
628.149746540622004431,106.648095162401318703,-1.000000000000000000,-1.000000000000000000
628.248349902774407383,106.669951782970429122,-1.000000000000000000,-1.000000000000000000
628.109387430389801921,106.388024554162029744,-1.000000000000000000,-1.000000000000000000
628.085335304504951637,106.740761359418911525,-1.000000000000000000,-1.000000000000000000
628.026158599382142711,106.624152362788777282,-1.000000000000000000,-1.000000000000000000
627.924844652486967789,106.726216931216981720,-1.000000000000000000,-1.000000000000000000
627.785388315586033059,106.658009001853315567,-1.000000000000000000,-1.000000000000000000
628.208114610673646894,106.911148165793292719,-1.000000000000000000,-1.000000000000000000
628.161052530805932292,106.687845010615774299,-1.000000000000000000,-1.000000000000000000
627.951200800076776432,106.421365142478407506,-1.000000000000000000,-1.000000000000000000
627.997886734455846636,106.641712363241367711,-1.000000000000000000,-1.000000000000000000
628.176163108921741696,106.685915791706406708,-1.000000000000000000,-1.000000000000000000
628.036533069437609811,106.606164292724315601,-1.000000000000000000,-1.000000000000000000
628.170305915832159371,106.627111464124936901,-1.000000000000000000,-1.000000000000000000
628.000998946316940419,106.543084260731347968,-1.000000000000000000,-1.000000000000000000
628.001864265054678071,106.667065932018431340,-1.000000000000000000,-1.000000000000000000
628.120693907752979612,106.585570514352525606,-1.000000000000000000,-1.000000000000000000
628.090740969054422749,106.542992785911337705,-1.000000000000000000,-1.000000000000000000
627.794890781192179929,106.632452088973877835,-1.000000000000000000,-1.000000000000000000
628.114348022877834410,106.908049634107555903,-1.000000000000000000,-1.000000000000000000
627.963299483342211715,106.738318997557598777,-1.000000000000000000,-1.000000000000000000
627.960890022909097752,106.646589221302747319,-1.000000000000000000,-1.000000000000000000
627.848682132212616125,106.485678638740637325,-1.000000000000000000,-1.000000000000000000
628.111037990649720086,106.804941999046604906,-1.000000000000000000,-1.000000000000000000
627.934354876357588182,106.568551058811067378,-1.000000000000000000,-1.000000000000000000
628.212504289341836738,106.562609387430370589,-1.000000000000000000,-1.000000000000000000
628.358070348454930354,106.780465807204677731,-1.000000000000000000,-1.000000000000000000
627.850934732699215601,106.647819277428311580,-1.000000000000000000,-1.000000000000000000
627.982650622269829910,106.474526349307438977,-1.000000000000000000,-1.000000000000000000
627.839443326901800901,106.684765614648767951,-1.000000000000000000,-1.000000000000000000
627.959755246191093647,106.674971477088774918,-1.000000000000000000,-1.000000000000000000
627.999069703810164356,106.627825533269628977,-1.000000000000000000,-1.000000000000000000
628.276836854942530408,106.765631634819555984,-1.000000000000000000,-1.000000000000000000
627.867917827678525100,106.542502387774561612,-1.000000000000000000,-1.000000000000000000
628.168664771556905180,106.468545946806784741,-1.000000000000000000,-1.000000000000000000
627.977362366474949340,106.688165193619397542,-1.000000000000000000,-1.000000000000000000
628.035846130621507655,106.500875517351119015,-1.000000000000000000,-1.000000000000000000
628.013331690825225451,106.629074280852819356,-1.000000000000000000,-1.000000000000000000
628.184713550224614664,106.655114722753296519,-1.000000000000000000,-1.000000000000000000
628.060402960526289462,106.615449937637663425,-1.000000000000000000,-1.000000000000000000
627.976530835798030239,106.411680458306818764,-1.000000000000000000,-1.000000000000000000
628.099426490918290256,106.681527479234659950,-1.000000000000000000,-1.000000000000000000
627.896834845436956130,106.558729148433940281,-1.000000000000000000,-1.000000000000000000
628.095005607067605524,106.591211470674011252,-1.000000000000000000,-1.000000000000000000
628.064241326803539778,106.433264232179908504,-1.000000000000000000,-1.000000000000000000
627.926056771967296299,106.617669722332948368,-1.000000000000000000,-1.000000000000000000
628.178574856375007585,106.599448466046169415,-1.000000000000000000,-1.000000000000000000
627.781837089336818281,106.624210582179102857,-1.000000000000000000,-1.000000000000000000
627.859270208863676999,106.711277318056431795,-1.000000000000000000,-1.000000000000000000
628.083073130649154336,106.667567066550191157,-1.000000000000000000,-1.000000000000000000
628.110518250971381349,106.613749038945911707,-1.000000000000000000,-1.000000000000000000
628.309632493043295653,106.733221832855520006,-1.000000000000000000,-1.000000000000000000
627.905640477755923712,106.575294086406984206,-1.000000000000000000,-1.000000000000000000
627.843658543256424309,106.753925312964156547,-1.000000000000000000,-1.000000000000000000
627.854204253457965024,106.651004751665709591,-1.000000000000000000,-1.000000000000000000
627.856692203695388343,106.630316537981912006,-1.000000000000000000,-1.000000000000000000
