495.677448643740774514,52.047849947376334967,-1.000000000000000000,-1.000000000000000000
495.751087608760883541,52.240873997451444666,-1.000000000000000000,-1.000000000000000000
495.776481250708059179,52.165915408308933365,-1.000000000000000000,-1.000000000000000000
495.418762925361932048,51.547468354430407089,-1.000000000000000000,-1.000000000000000000
495.361393102923841525,51.626084996054544263,-1.000000000000000000,-1.000000000000000000
495.675302245250463784,51.449903987348932333,-1.000000000000000000,-1.000000000000000000
495.965807132624604492,52.085201116896826079,-1.000000000000000000,-1.000000000000000000
495.839174717291996330,52.077187862461187251,-1.000000000000000000,-1.000000000000000000
495.896393343874706261,52.168546083295723292,-1.000000000000000000,-1.000000000000000000
495.221433400946580150,51.896837037872785459,-1.000000000000000000,-1.000000000000000000
495.278385387304069809,51.400550841149311054,-1.000000000000000000,-1.000000000000000000
495.251870324189553685,51.836171484054091252,-1.000000000000000000,-1.000000000000000000
495.708761238385420711,51.851674995372945887,-1.000000000000000000,-1.000000000000000000
495.599849595788668921,52.027703106332126026,-1.000000000000000000,-1.000000000000000000
495.455382062306739499,52.194830639388101190,-1.000000000000000000,-1.000000000000000000
495.223464738883251357,51.708234852748091726,-1.000000000000000000,-1.000000000000000000
495.196234450296969953,51.568281938325981173,-1.000000000000000000,-1.000000000000000000
495.130249083418391365,51.701258931609402225,-1.000000000000000000,-1.000000000000000000
495.693709913356599372,51.757355447006716531,-1.000000000000000000,-1.000000000000000000
495.685482654600320984,52.346178548490684079,-1.000000000000000000,-1.000000000000000000
495.615425250924431566,52.220316672308115358,-1.000000000000000000,-1.000000000000000000
495.257445301725738318,51.833124406457727673,-1.000000000000000000,-1.000000000000000000
494.951912568305999685,51.300354289160281951,-1.000000000000000000,-1.000000000000000000
495.522080251064778622,51.696607236891622961,-1.000000000000000000,-1.000000000000000000
495.435372611104810403,51.955540535466184338,-1.000000000000000000,-1.000000000000000000
495.733348360193872395,52.216637010676151931,-1.000000000000000000,-1.000000000000000000
495.539468719341925862,52.428268156424564950,-1.000000000000000000,-1.000000000000000000
495.392767472362777426,52.145866068088309930,-1.000000000000000000,-1.000000000000000000
495.289017779294113097,51.587602497555110403,-1.000000000000000000,-1.000000000000000000
495.344400527009213420,51.355921993825745631,-1.000000000000000000,-1.000000000000000000
495.906039502226292370,52.079169926604834018,-1.000000000000000000,-1.000000000000000000
495.909046158506555457,52.097773294478088246,-1.000000000000000000,-1.000000000000000000
495.764703648859040186,52.125168387965857164,-1.000000000000000000,-1.000000000000000000
495.115713049693397352,51.603244010913044804,-1.000000000000000000,-1.000000000000000000
495.345468335229440981,51.660448739558773923,-1.000000000000000000,-1.000000000000000000
495.003220794968001428,51.734160090191664949,-1.000000000000000000,-1.000000000000000000
495.736793962954493509,51.992690058479524851,-1.000000000000000000,-1.000000000000000000
495.342846399699169524,52.163940506657752394,-1.000000000000000000,-1.000000000000000000
495.379569525111037365,52.062684198594411100,-1.000000000000000000,-1.000000000000000000
495.245241608960554913,51.787094122482528746,-1.000000000000000000,-1.000000000000000000
495.149408450704243023,51.507566370019901569,-1.000000000000000000,-1.000000000000000000
495.175041309899370390,51.445821701098111589,-1.000000000000000000,-1.000000000000000000
495.865316474581334205,51.897355912061811978,-1.000000000000000000,-1.000000000000000000
495.542093993012485953,52.083760874414451791,-1.000000000000000000,-1.000000000000000000
495.614445193676488088,52.045158128840171230,-1.000000000000000000,-1.000000000000000000
495.419317502986871204,51.597029924073240181,-1.000000000000000000,-1.000000000000000000
495.329491525423748044,51.734599627560498902,-1.000000000000000000,-1.000000000000000000
495.177707438390257266,51.984992458521901426,-1.000000000000000000,-1.000000000000000000
495.784906087350066173,51.910597519729435589,-1.000000000000000000,-1.000000000000000000
495.439330385821733671,52.262494371904551826,-1.000000000000000000,-1.000000000000000000
495.557137518684612587,52.086839145106864635,-1.000000000000000000,-1.000000000000000000
495.344914742719197420,52.096126096126113225,-1.000000000000000000,-1.000000000000000000
495.252452362160340726,51.447836283855338024,-1.000000000000000000,-1.000000000000000000
495.235566509821524050,51.633449035195781107,-1.000000000000000000,-1.000000000000000000
495.539156512166414359,52.279697342427994045,-1.000000000000000000,-1.000000000000000000
495.789531244107536168,52.395473811686372301,-1.000000000000000000,-1.000000000000000000
495.583077447969969853,52.139177978883878950,-1.000000000000000000,-1.000000000000000000
495.511811618853243999,51.947119179163394165,-1.000000000000000000,-1.000000000000000000
495.095714448107287353,51.294476233217380923,-1.000000000000000000,-1.000000000000000000
495.536846469900865486,51.803359202189483312,-1.000000000000000000,-1.000000000000000000
495.644660121130073094,52.057267735066659498,-1.000000000000000000,-1.000000000000000000
495.752380952380974577,52.553639417693148062,-1.000000000000000000,-1.000000000000000000
495.654753851935367948,51.982142187206932249,-1.000000000000000000,-1.000000000000000000
495.369974897905649414,51.748371550133697383,-1.000000000000000000,-1.000000000000000000
495.341005291005274103,51.490213556174580845,-1.000000000000000000,-1.000000000000000000
495.097153372389982451,51.809710991314773310,-1.000000000000000000,-1.000000000000000000
495.998872350022566025,51.852783705866954733,-1.000000000000000000,-1.000000000000000000
495.976985559566799111,52.611098612673401931,-1.000000000000000000,-1.000000000000000000
495.538827378914106703,52.019140198183947632,-1.000000000000000000,-1.000000000000000000
495.392247711605818949,51.844932150708814333,-1.000000000000000000,-1.000000000000000000
495.042558815754716761,51.514342569647851633,-1.000000000000000000,-1.000000000000000000
495.438254932853169521,52.159150993277421549,-1.000000000000000000,-1.000000000000000000
495.133783530294522279,52.122601038609161606,-1.000000000000000000,-1.000000000000000000
495.790317779266217713,52.873845460689324227,-1.000000000000000000,-1.000000000000000000
495.143526852685283757,51.710580640318312362,-1.000000000000000000,-1.000000000000000000
495.387402769872892350,52.046091734888420888,-1.000000000000000000,-1.000000000000000000
494.941216445803604529,51.290170310788880670,-1.000000000000000000,-1.000000000000000000
495.223197539200214123,51.702031602708814262,-1.000000000000000000,-1.000000000000000000
495.403427495291907690,52.035794941282745185,-1.000000000000000000,-1.000000000000000000
495.763210576015126207,52.498496466696735752,-1.000000000000000000,-1.000000000000000000
495.156211982968386565,51.476540460282080858,-1.000000000000000000,-1.000000000000000000
495.259630346502717657,51.918314606741546413,-1.000000000000000000,-1.000000000000000000
495.234674547245617759,51.090416386334766230,-1.000000000000000000,-1.000000000000000000
495.425421677634062689,51.911414096259875350,-1.000000000000000000,-1.000000000000000000
495.767440986317865281,51.682793892559857341,-1.000000000000000000,-1.000000000000000000
496.094605248338780257,52.072402234636854246,-1.000000000000000000,-1.000000000000000000
495.202417724897998141,51.883693045563575197,-1.000000000000000000,-1.000000000000000000
495.669897077605014601,51.712694290768126848,-1.000000000000000000,-1.000000000000000000
494.827050491204033733,51.337752596789414383,-1.000000000000000000,-1.000000000000000000
495.358774310266824159,51.547416685305279316,-1.000000000000000000,-1.000000000000000000
495.561104847801573214,51.677911465946976932,-1.000000000000000000,-1.000000000000000000
496.069561904761883397,51.949227619579403381,-1.000000000000000000,-1.000000000000000000
495.450176864604486582,51.808727843841154481,-1.000000000000000000,-1.000000000000000000
495.514763669024375758,51.716131705846919431,-1.000000000000000000,-1.000000000000000000
494.936254528985500656,51.139608196352185132,-1.000000000000000000,-1.000000000000000000
495.543609476384517620,51.417554483944513777,-1.000000000000000000,-1.000000000000000000
495.528784808226362202,51.926158915599501142,-1.000000000000000000,-1.000000000000000000
495.892064926750265386,52.493364822312173601,-1.000000000000000000,-1.000000000000000000
495.529075922565027668,51.908187002851548186,-1.000000000000000000,-1.000000000000000000
495.266234258837812376,51.730135160860470478,-1.000000000000000000,-1.000000000000000000
495.214086943441657240,51.487243735763115637,-1.000000000000000000,-1.000000000000000000
495.707568547473385934,51.759223666855120882,-1.000000000000000000,-1.000000000000000000
495.782534635475826690,51.670478562801918088,-1.000000000000000000,-1.000000000000000000
495.874142738714283496,51.882093292933859630,-1.000000000000000000,-1.000000000000000000
495.554833808167131792,52.089385265836028793,-1.000000000000000000,-1.000000000000000000
495.362149182050131913,52.249906135015407926,-1.000000000000000000,-1.000000000000000000
495.254721223021590504,51.178769907873629563,-1.000000000000000000,-1.000000000000000000
495.466554307116098244,51.462167002462479104,-1.000000000000000000,-1.000000000000000000
495.423631559078899045,52.016783851213403977,-1.000000000000000000,-1.000000000000000000
495.872564507635615882,51.874605678233422168,-1.000000000000000000,-1.000000000000000000
495.603539623492281407,52.013776919874317173,-1.000000000000000000,-1.000000000000000000
495.424655989172094905,51.921939725610911864,-1.000000000000000000,-1.000000000000000000
495.067532171734455915,51.574617084222722951,-1.000000000000000000,-1.000000000000000000
495.262322283817923108,51.401695991632095684,-1.000000000000000000,-1.000000000000000000
495.919542814315150281,51.983727866500544224,-1.000000000000000000,-1.000000000000000000
496.089574483940680238,52.230372794643187717,-1.000000000000000000,-1.000000000000000000
495.883017875920074857,52.192325005626798884,-1.000000000000000000,-1.000000000000000000
495.480129581496953506,52.141183561231059684,-1.000000000000000000,-1.000000000000000000
494.924118021969775327,51.818174953750883560,-1.000000000000000000,-1.000000000000000000
495.018512272812472474,51.736253318164585835,-1.000000000000000000,-1.000000000000000000
495.424604516589624836,51.918588360028763873,-1.000000000000000000,-1.000000000000000000
495.691052314186663352,52.329689319658882596,-1.000000000000000000,-1.000000000000000000
495.936715461690312168,52.482243200719267406,-1.000000000000000000,-1.000000000000000000
495.274147143444338326,51.772232885476626052,-1.000000000000000000,-1.000000000000000000
495.427132479592614800,51.637109098363737303,-1.000000000000000000,-1.000000000000000000
495.004821092278746164,51.302641452799036870,-1.000000000000000000,-1.000000000000000000
495.416732349960568627,51.919912212178701338,-1.000000000000000000,-1.000000000000000000
495.682579091900834101,52.274565274791598313,-1.000000000000000000,-1.000000000000000000
495.938438438438424782,52.313137054298806561,-1.000000000000000000,-1.000000000000000000
495.038417951042617915,51.892787083144696680,-1.000000000000000000,-1.000000000000000000
495.306913804866951523,51.683342723004670916,-1.000000000000000000,-1.000000000000000000
495.232994732881877553,51.286455981941287519,-1.000000000000000000,-1.000000000000000000
495.568445650535181812,51.959345934593443417,-1.000000000000000000,-1.000000000000000000
495.891592504975392330,51.949994381391150000,-1.000000000000000000,-1.000000000000000000
495.929549386895359930,52.279870666967440229,-1.000000000000000000,-1.000000000000000000
495.375825082508242758,51.835533987887004059,-1.000000000000000000,-1.000000000000000000
495.127527099508654373,51.644746702637917224,-1.000000000000000000,-1.000000000000000000
495.298353208404307679,51.478080035971231609,-1.000000000000000000,-1.000000000000000000
496.001245189042322181,52.220540984831472997,-1.000000000000000000,-1.000000000000000000
495.742299447139771473,52.045697131420922688,-1.000000000000000000,-1.000000000000000000
495.990576748410546770,52.177937273372947402,-1.000000000000000000,-1.000000000000000000
495.470510795155348660,51.663265306122468701,-1.000000000000000000,-1.000000000000000000
495.102131539952097228,51.845294161620699924,-1.000000000000000000,-1.000000000000000000
495.431473435475254519,51.787565543071195862,-1.000000000000000000,-1.000000000000000000
495.725598112995612610,52.101748867168453216,-1.000000000000000000,-1.000000000000000000
495.264422532018556922,52.084453480929255420,-1.000000000000000000,-1.000000000000000000
496.086584954458544416,52.459578306460684871,-1.000000000000000000,-1.000000000000000000
495.284835527549603285,51.461233348301163915,-1.000000000000000000,-1.000000000000000000
495.216589340273856124,51.316852917936557787,-1.000000000000000000,-1.000000000000000000
495.021015958642408350,51.248585029423907145,-1.000000000000000000,-1.000000000000000000
495.684039087947894586,52.268113484797083856,-1.000000000000000000,-1.000000000000000000
495.885470663361161314,52.275193359743468591,-1.000000000000000000,-1.000000000000000000
495.771087939604569783,52.159518947129583921,-1.000000000000000000,-1.000000000000000000
495.269736350735684027,51.860099118526079565,-1.000000000000000000,-1.000000000000000000
495.190744708845556943,51.410697017034863165,-1.000000000000000000,-1.000000000000000000
495.060872505918155184,51.571862348178115099,-1.000000000000000000,-1.000000000000000000
495.602337866696643687,51.954603388813893616,-1.000000000000000000,-1.000000000000000000
495.465294863192411867,52.095847841551517377,-1.000000000000000000,-1.000000000000000000
495.688498938191571597,52.474327628361834286,-1.000000000000000000,-1.000000000000000000
495.704682324601037635,51.713692013927868629,-1.000000000000000000,-1.000000000000000000
495.260215298309447007,51.837308730873076001,-1.000000000000000000,-1.000000000000000000
495.027725197639483667,51.819281635106676731,-1.000000000000000000,-1.000000000000000000
495.487049359046636710,52.199594959495925650,-1.000000000000000000,-1.000000000000000000
495.458630716362677049,51.903297032296677571,-1.000000000000000000,-1.000000000000000000
495.676606198034789941,52.604588089049627797,-1.000000000000000000,-1.000000000000000000
495.379543152920007287,52.311962441314562966,-1.000000000000000000,-1.000000000000000000
495.119004593027625560,51.594153508273677744,-1.000000000000000000,-1.000000000000000000
495.269731887332454789,51.679947770938269969,-1.000000000000000000,-1.000000000000000000
495.833068602980119977,52.021420518602042193,-1.000000000000000000,-1.000000000000000000
495.752221720138550154,52.387130921326217958,-1.000000000000000000,-1.000000000000000000
495.710047453573963594,51.849911156478015073,-1.000000000000000000,-1.000000000000000000
495.290578973141975894,52.117622657163337863,-1.000000000000000000,-1.000000000000000000
495.293274820899455335,51.285097111086088262,-1.000000000000000000,-1.000000000000000000
495.463911721652948472,51.799722409783157673,-1.000000000000000000,-1.000000000000000000
495.472122302158254570,51.628068602174664647,-1.000000000000000000,-1.000000000000000000
495.799659284497465705,52.126985919734977415,-1.000000000000000000,-1.000000000000000000
495.370622494516283041,51.672600938967150341,-1.000000000000000000,-1.000000000000000000
495.196781712910762963,52.025719349851044626,-1.000000000000000000,-1.000000000000000000
494.886830113358200833,51.434496255315934832,-1.000000000000000000,-1.000000000000000000
495.363932070048008427,51.871065989847693345,-1.000000000000000000,-1.000000000000000000
495.483781840202880176,51.575754189944120753,-1.000000000000000000,-1.000000000000000000
495.779336349924619753,52.466134412834094292,-1.000000000000000000,-1.000000000000000000
495.559001541295458537,51.692974555280329696,-1.000000000000000000,-1.000000000000000000
495.296396599714114473,52.039655563109022296,-1.000000000000000000,-1.000000000000000000
494.876023926544007736,51.591302059840643324,-1.000000000000000000,-1.000000000000000000
495.266305166440702124,51.978368634520052183,-1.000000000000000000,-1.000000000000000000
495.653880968544910957,51.785869728350576224,-1.000000000000000000,-1.000000000000000000
495.979496982645514436,52.347208083550128777,-1.000000000000000000,-1.000000000000000000
495.629092556927616897,51.800173434377711601,-1.000000000000000000,-1.000000000000000000
495.632522358647861438,51.939458689458660956,-1.000000000000000000,-1.000000000000000000
495.313960179537332351,51.169376845725423664,-1.000000000000000000,-1.000000000000000000
495.580470231323488406,51.890874811463049809,-1.000000000000000000,-1.000000000000000000
495.435202066241288321,51.606674925855031688,-1.000000000000000000,-1.000000000000000000
496.154634884600852729,52.693325791855215812,-1.000000000000000000,-1.000000000000000000
495.437847301514807441,52.073174405905149342,-1.000000000000000000,-1.000000000000000000
495.405085973540735722,51.821701936064812344,-1.000000000000000000,-1.000000000000000000
495.387409935532787131,51.803992603494464220,-1.000000000000000000,-1.000000000000000000
495.489234001050363077,51.760037664783453693,-1.000000000000000000,-1.000000000000000000
495.654824261747535274,52.172774674115430571,-1.000000000000000000,-1.000000000000000000
495.970815871937190877,52.185309595789931336,-1.000000000000000000,-1.000000000000000000
495.360762383017572574,52.184936112979130485,-1.000000000000000000,-1.000000000000000000
495.736826425352830938,51.891665724301731188,-1.000000000000000000,-1.000000000000000000
494.977021818045727741,51.444557324001948473,-1.000000000000000000,-1.000000000000000000
495.336268201828659130,51.822978080120947197,-1.000000000000000000,-1.000000000000000000
495.399290217842690254,51.352195563603459050,-1.000000000000000000,-1.000000000000000000
495.636102935627491206,51.880756641546781793,-1.000000000000000000,-1.000000000000000000
495.516487252124647966,51.889731115887911983,-1.000000000000000000,-1.000000000000000000
495.750151584053355691,52.057177615571788465,-1.000000000000000000,-1.000000000000000000
495.292751346499130705,51.472313689867917219,-1.000000000000000000,-1.000000000000000000
495.313264310901047338,51.912290650637032741,-1.000000000000000000,-1.000000000000000000
495.520297312750130914,51.685548048048076453,-1.000000000000000000,-1.000000000000000000
495.701780247193539708,52.009695603156728794,-1.000000000000000000,-1.000000000000000000
495.380660769637870544,51.649664076868248230,-1.000000000000000000,-1.000000000000000000
495.339034842556372951,52.361347075924072669,-1.000000000000000000,-1.000000000000000000
495.086897488119461741,51.893800358102055270,-1.000000000000000000,-1.000000000000000000
495.020264116575617663,51.709959623149416075,-1.000000000000000000,-1.000000000000000000
495.417947558770322303,51.646419365684209879,-1.000000000000000000,-1.000000000000000000
495.591878635793307240,51.971205962059627836,-1.000000000000000000,-1.000000000000000000
495.534218863315402359,52.044254104211290723,-1.000000000000000000,-1.000000000000000000
495.217614623460974599,51.984655786906785124,-1.000000000000000000,-1.000000000000000000
494.910913984608953342,51.346797547858159305,-1.000000000000000000,-1.000000000000000000
495.566030634902745078,51.741826044812285090,-1.000000000000000000,-1.000000000000000000
495.551859472641353932,51.124218051831974208,-1.000000000000000000,-1.000000000000000000
495.663592196158788283,52.123586612392614370,-1.000000000000000000,-1.000000000000000000
495.653106958371324708,52.238025305015810318,-1.000000000000000000,-1.000000000000000000
495.642752065180502541,52.272082673304680611,-1.000000000000000000,-1.000000000000000000
495.013563688717113109,51.450115046584414813,-1.000000000000000000,-1.000000000000000000
495.370228721409830541,51.649101077206012178,-1.000000000000000000,-1.000000000000000000
495.215447621234716280,51.441330004539281617,-1.000000000000000000,-1.000000000000000000
495.668177868449902235,52.176677915260597729,-1.000000000000000000,-1.000000000000000000
495.878126523418472971,52.259271899886243773,-1.000000000000000000,-1.000000000000000000
495.639257592800902330,52.120317353392465520,-1.000000000000000000,-1.000000000000000000
495.244851086260780448,51.685946391135075828,-1.000000000000000000,-1.000000000000000000
495.311626321172866483,51.392115017409878419,-1.000000000000000000,-1.000000000000000000
495.562998945624372027,51.795360553425098260,-1.000000000000000000,-1.000000000000000000
495.800713499563528330,52.299891030699313887,-1.000000000000000000,-1.000000000000000000
495.695947475662194392,52.450857100082316720,-1.000000000000000000,-1.000000000000000000
495.218805151890649086,52.356738855399271415,-1.000000000000000000,-1.000000000000000000
495.192300426914528089,51.183949504057693503,-1.000000000000000000,-1.000000000000000000
495.321021122783236024,51.363370128407268567,-1.000000000000000000,-1.000000000000000000
495.596254766489209942,52.030197051744892178,-1.000000000000000000,-1.000000000000000000
495.950060578524926314,52.058041614742649017,-1.000000000000000000,-1.000000000000000000
495.938754678462032643,52.171619005064030716,-1.000000000000000000,-1.000000000000000000
495.764652636343043923,51.863500261995682195,-1.000000000000000000,-1.000000000000000000
495.136496046608385768,51.535149186256774101,-1.000000000000000000,-1.000000000000000000
495.375928844854740873,51.640340994441942257,-1.000000000000000000,-1.000000000000000000
495.267600331300343441,52.068884864946426205,-1.000000000000000000,-1.000000000000000000
495.478484916873526345,51.973858409065428532,-1.000000000000000000,-1.000000000000000000
495.625787943985187667,52.374686576101225910,-1.000000000000000000,-1.000000000000000000
495.333295934776913327,52.459803701206283222,-1.000000000000000000,-1.000000000000000000
495.185959699843806447,51.795288231780148180,-1.000000000000000000,-1.000000000000000000
495.059664694280058939,51.566965285554317688,-1.000000000000000000,-1.000000000000000000
495.709819413092532159,51.791229455790016800,-1.000000000000000000,-1.000000000000000000
495.645141731089893256,52.165856232801843362,-1.000000000000000000,-1.000000000000000000
495.544971150582625796,52.452300405954019880,-1.000000000000000000,-1.000000000000000000
495.702512600616842064,52.241321009918863183,-1.000000000000000000,-1.000000000000000000
495.133796138234515638,51.749084456525849873,-1.000000000000000000,-1.000000000000000000
495.247853549680371543,51.685606914693721592,-1.000000000000000000,-1.000000000000000000
495.386325172063607170,51.829271961492167975,-1.000000000000000000,-1.000000000000000000
495.516102144426781706,52.394788151481066052,-1.000000000000000000,-1.000000000000000000
495.596901841641340525,52.175444532160440758,-1.000000000000000000,-1.000000000000000000
495.198348348348361014,52.314415437003390252,-1.000000000000000000,-1.000000000000000000
495.243077501881089120,51.549471876982806862,-1.000000000000000000,-1.000000000000000000
495.339216351774325631,51.391413573303339035,-1.000000000000000000,-1.000000000000000000
495.388587366199317330,51.400657550623918723,-1.000000000000000000,-1.000000000000000000
495.687189408596054818,52.147045607728614414,-1.000000000000000000,-1.000000000000000000
496.013008859481885793,52.355257220216628866,-1.000000000000000000,-1.000000000000000000
495.730144232598831877,52.220301567703074852,-1.000000000000000000,-1.000000000000000000
495.183026355196147961,51.560658805914272307,-1.000000000000000000,-1.000000000000000000
495.144806586218578559,51.470431319507042645,-1.000000000000000000,-1.000000000000000000
495.573630329620868906,51.495770258236859718,-1.000000000000000000,-1.000000000000000000
495.660166288737741525,52.113696833427013644,-1.000000000000000000,-1.000000000000000000
495.597148353513659913,52.437809254013245663,-1.000000000000000000,-1.000000000000000000
495.550803554547201202,52.233941701190587992,-1.000000000000000000,-1.000000000000000000
495.309319158561379481,51.444907616043280996,-1.000000000000000000,-1.000000000000000000
495.420639392914836208,51.634545793695224347,-1.000000000000000000,-1.000000000000000000
495.689714090443089844,51.582407303475861227,-1.000000000000000000,-1.000000000000000000
495.683961200090209331,52.367486033519526245,-1.000000000000000000,-1.000000000000000000
495.567450846687108879,52.481889350863411892,-1.000000000000000000,-1.000000000000000000
495.694961109232338003,51.877806808285072293,-1.000000000000000000,-1.000000000000000000
495.150598757010754980,51.669638826185121161,-1.000000000000000000,-1.000000000000000000
494.985442965995673603,51.334374883755515384,-1.000000000000000000,-1.000000000000000000
495.523265028868991067,51.927278157315129192,-1.000000000000000000,-1.000000000000000000
495.477481582744758271,52.743374079473653637,-1.000000000000000000,-1.000000000000000000
495.599204997160711628,52.384155287213616248,-1.000000000000000000,-1.000000000000000000
495.482802739519854640,51.980661119856108598,-1.000000000000000000,-1.000000000000000000
495.204257551907630841,51.792266187050358894,-1.000000000000000000,-1.000000000000000000
495.014460178317222017,51.382153938170517904,-1.000000000000000000,-1.000000000000000000
495.606634891814223920,52.075621443545969669,-1.000000000000000000,-1.000000000000000000
495.857754251604887941,52.044172192873986660,-1.000000000000000000,-1.000000000000000000
495.800690768479967119,52.378106663676817334,-1.000000000000000000,-1.000000000000000000
495.514951926716662456,52.148269375470249543,-1.000000000000000000,-1.000000000000000000
495.362904140669343178,51.774947400060113978,-1.000000000000000000,-1.000000000000000000
495.075921087508049823,51.211968492179039458,-1.000000000000000000,-1.000000000000000000
495.217526319775799948,52.142846441947540370,-1.000000000000000000,-1.000000000000000000
495.575219896875978520,52.035983771281223653,-1.000000000000000000,-1.000000000000000000
495.714064856711900120,52.892826436394898337,-1.000000000000000000,-1.000000000000000000
495.183116147308794552,52.135195530726264224,-1.000000000000000000,-1.000000000000000000
495.160187265917613786,51.876207661366095181,-1.000000000000000000,-1.000000000000000000
495.013196865744362185,51.807818429682015449,-1.000000000000000000,-1.000000000000000000
495.756541652588509805,52.150449438202258534,-1.000000000000000000,-1.000000000000000000
495.711242738352893866,52.190830794689532013,-1.000000000000000000,-1.000000000000000000
495.988203266787650136,52.249313316025109089,-1.000000000000000000,-1.000000000000000000
495.423232092563011975,51.733008792784630714,-1.000000000000000000,-1.000000000000000000
495.200407147704140698,51.308593457594156462,-1.000000000000000000,-1.000000000000000000
494.891894951324445628,50.884899643594053487,-1.000000000000000000,-1.000000000000000000
495.517300908203878862,51.979066203132617829,-1.000000000000000000,-1.000000000000000000
495.777066486972159964,52.378905960068266268,-1.000000000000000000,-1.000000000000000000
495.569026247017404785,52.232626817689038035,-1.000000000000000000,-1.000000000000000000
495.117740292086523368,51.721208708708729773,-1.000000000000000000,-1.000000000000000000
495.045489209181710066,51.821187357737244383,-1.000000000000000000,-1.000000000000000000
494.807909604519750246,51.075186272296207335,-1.000000000000000000,-1.000000000000000000
495.671801842621960077,52.097225346831635306,-1.000000000000000000,-1.000000000000000000
495.806223426270832988,51.869561956195639141,-1.000000000000000000,-1.000000000000000000
495.825950325609596803,52.298124196354308424,-1.000000000000000000,-1.000000000000000000
495.169041694940801790,51.698229755178886080,-1.000000000000000000,-1.000000000000000000
495.349377123442820903,51.267615711972268855,-1.000000000000000000,-1.000000000000000000
494.784554695797282875,51.265258743353570026,-1.000000000000000000,-1.000000000000000000
495.350093109869646923,51.958942084363513914,-1.000000000000000000,-1.000000000000000000
495.484543086853136629,51.714424514200288741,-1.000000000000000000,-1.000000000000000000
495.873822761829103456,52.471807535451034710,-1.000000000000000000,-1.000000000000000000
495.443171939373314672,51.727523420973113844,-1.000000000000000000,-1.000000000000000000
495.188083626327909315,51.878513488021098965,-1.000000000000000000,-1.000000000000000000
495.102616532242791436,51.408051859433612663,-1.000000000000000000,-1.000000000000000000
495.475220638153416530,51.992557331217653882,-1.000000000000000000,-1.000000000000000000
495.580808080808083105,52.220728291316504510,-1.000000000000000000,-1.000000000000000000
495.766974078712678420,52.633461916647775070,-1.000000000000000000,-1.000000000000000000
495.322624588489020425,52.057115999247969285,-1.000000000000000000,-1.000000000000000000
495.273716079838550286,51.854077091347960504,-1.000000000000000000,-1.000000000000000000
495.135457867178956803,51.283168766314815912,-1.000000000000000000,-1.000000000000000000
495.682758878784511580,51.726590909090930381,-1.000000000000000000,-1.000000000000000000
495.630740533482537558,52.154017772735869585,-1.000000000000000000,-1.000000000000000000
495.691535529642635538,51.988224228743433741,-1.000000000000000000,-1.000000000000000000
495.603297732808698584,52.052504435133812422,-1.000000000000000000,-1.000000000000000000
495.400353330326254309,52.052454606590458752,-1.000000000000000000,-1.000000000000000000
494.924465788102168062,51.592918358141616864,-1.000000000000000000,-1.000000000000000000
495.910871258484462487,52.004898661281856675,-1.000000000000000000,-1.000000000000000000
495.423055082339601540,52.046075911647506018,-1.000000000000000000,-1.000000000000000000
495.955205402363503708,52.092582222719954643,-1.000000000000000000,-1.000000000000000000
495.757633802816883417,52.109219378359057373,-1.000000000000000000,-1.000000000000000000
495.406547551306857713,51.706960938083511792,-1.000000000000000000,-1.000000000000000000
495.290266226121275395,51.533303548158926333,-1.000000000000000000,-1.000000000000000000
495.238073533880310606,51.890220678839455104,-1.000000000000000000,-1.000000000000000000
495.558685977219568031,52.184334577817992340,-1.000000000000000000,-1.000000000000000000
495.602467469156636071,51.777940568766666729,-1.000000000000000000,-1.000000000000000000
495.603489026449096855,51.816793603880114460,-1.000000000000000000,-1.000000000000000000
495.057404672649454369,51.518855218855208022,-1.000000000000000000,-1.000000000000000000
495.041374632602298789,51.470762871101101155,-1.000000000000000000,-1.000000000000000000
495.455674760022588998,51.673790608332410557,-1.000000000000000000,-1.000000000000000000
495.919489611562767095,52.239016344279491477,-1.000000000000000000,-1.000000000000000000
495.550765420981520037,52.038832040181432603,-1.000000000000000000,-1.000000000000000000
495.474273687375500685,52.289047457243157169,-1.000000000000000000,-1.000000000000000000
494.831959965383589406,51.588781907747431887,-1.000000000000000000,-1.000000000000000000
494.869688809096373916,51.785896282973624238,-1.000000000000000000,-1.000000000000000000
495.287715720705421063,51.526290292528415193,-1.000000000000000000,-1.000000000000000000
495.377026313805345126,52.210348326006055686,-1.000000000000000000,-1.000000000000000000
495.488919041157828360,51.970388602968625946,-1.000000000000000000,-1.000000000000000000
495.453235238634192683,52.261797075229935672,-1.000000000000000000,-1.000000000000000000
495.212000907440994979,51.339818563502774396,-1.000000000000000000,-1.000000000000000000
495.262101084134997109,51.249360421369431151,-1.000000000000000000,-1.000000000000000000
495.494662729956871772,51.580431924882645944,-1.000000000000000000,-1.000000000000000000
495.725068808204184734,52.086272300469488528,-1.000000000000000000,-1.000000000000000000
495.786879673691373682,51.792624305242611626,-1.000000000000000000,-1.000000000000000000
495.682087916241471248,52.145271160287506973,-1.000000000000000000,-1.000000000000000000
495.246006630500289702,51.429215072981833146,-1.000000000000000000,-1.000000000000000000
495.317702490464455423,51.787562635554536428,-1.000000000000000000,-1.000000000000000000
495.566854778028584860,51.689619196661453771,-1.000000000000000000,-1.000000000000000000
495.939352794749936493,52.713857677902637988,-1.000000000000000000,-1.000000000000000000
495.452976056443731068,51.942046855733678967,-1.000000000000000000,-1.000000000000000000
495.473994738820010753,51.930303708678479779,-1.000000000000000000,-1.000000000000000000
495.135974344463306807,51.437192903492018559,-1.000000000000000000,-1.000000000000000000
495.474240373044551689,52.015892649649572377,-1.000000000000000000,-1.000000000000000000
495.231181577953975648,51.771308768414428414,-1.000000000000000000,-1.000000000000000000
495.906995230524671570,52.327247610513722975,-1.000000000000000000,-1.000000000000000000
495.341734478601551928,51.926183531523463444,-1.000000000000000000,-1.000000000000000000
495.325135678773392556,52.245116784763638407,-1.000000000000000000,-1.000000000000000000
494.895214334316165150,51.107934721440642534,-1.000000000000000000,-1.000000000000000000
495.518084177767661913,51.750955270847384782,-1.000000000000000000,-1.000000000000000000
495.312704201808401194,51.615741789354501634,-1.000000000000000000,-1.000000000000000000
495.801548813954354955,52.458836944127710922,-1.000000000000000000,-1.000000000000000000
495.566110984242982340,51.766588164928407423,-1.000000000000000000,-1.000000000000000000
495.695531469861180085,51.438778190551261105,-1.000000000000000000,-1.000000000000000000
494.733462886755091859,51.448403776978409496,-1.000000000000000000,-1.000000000000000000
495.545865852279177943,52.250864858832699156,-1.000000000000000000,-1.000000000000000000
495.427243769908216109,51.762799471797791284,-1.000000000000000000,-1.000000000000000000
495.833841980332294952,52.178349434583992661,-1.000000000000000000,-1.000000000000000000
495.802981181293091595,51.723199703043803765,-1.000000000000000000,-1.000000000000000000
495.633199315017520803,52.189273149187783929,-1.000000000000000000,-1.000000000000000000
495.105044377036279002,51.435659965364038726,-1.000000000000000000,-1.000000000000000000
495.452243480886068028,51.844753505201254029,-1.000000000000000000,-1.000000000000000000
495.516938282782575698,51.593307882326541858,-1.000000000000000000,-1.000000000000000000
495.747967479674798597,52.304790100964112298,-1.000000000000000000,-1.000000000000000000
495.616457461645723015,52.088046778365026057,-1.000000000000000000,-1.000000000000000000
495.719978886249691641,52.690091907644045932,-1.000000000000000000,-1.000000000000000000
494.823673963177213864,51.521567286132324170,-1.000000000000000000,-1.000000000000000000
495.500643500643491279,51.651142287641846451,-1.000000000000000000,-1.000000000000000000
495.327127759599818546,52.010977030938704502,-1.000000000000000000,-1.000000000000000000
495.648129423660293469,52.001784121320270060,-1.000000000000000000,-1.000000000000000000
495.652076570021279167,51.975777377196948237,-1.000000000000000000,-1.000000000000000000
495.518121205348847980,51.825330471133213450,-1.000000000000000000,-1.000000000000000000
494.906254698541602011,51.817707747139365893,-1.000000000000000000,-1.000000000000000000
495.385302430751835345,51.611917351033127943,-1.000000000000000000,-1.000000000000000000
495.414709424872057753,51.931290310554345524,-1.000000000000000000,-1.000000000000000000
495.440189393939419915,51.961976193141538261,-1.000000000000000000,-1.000000000000000000
495.781688546853786193,52.177024061884026196,-1.000000000000000000,-1.000000000000000000
495.684610230064777170,52.026992529188703429,-1.000000000000000000,-1.000000000000000000
495.071194114318075208,51.359207328472621157,-1.000000000000000000,-1.000000000000000000
495.068628564935806935,51.213756377313529811,-1.000000000000000000,-1.000000000000000000
495.455531698496997706,51.576205955983994045,-1.000000000000000000,-1.000000000000000000
495.444068815265552530,51.801169590643269203,-1.000000000000000000,-1.000000000000000000
495.731573033707888953,52.215951927742310090,-1.000000000000000000,-1.000000000000000000
495.635564570655844818,52.107784655786929306,-1.000000000000000000,-1.000000000000000000
495.293078937523375771,51.554318488529020215,-1.000000000000000000,-1.000000000000000000
495.329737144551984329,51.455536818437337843,-1.000000000000000000,-1.000000000000000000
495.518753541076478086,51.763267740011940532,-1.000000000000000000,-1.000000000000000000
495.702896094603261190,51.897007732825272797,-1.000000000000000000,-1.000000000000000000
495.562749078878141518,52.182985915492963613,-1.000000000000000000,-1.000000000000000000
495.497576918742254293,52.168378673288941627,-1.000000000000000000,-1.000000000000000000
495.370780236977395816,51.586623176995487938,-1.000000000000000000,-1.000000000000000000
495.419495017606948295,51.428891628376106837,-1.000000000000000000,-1.000000000000000000
495.325693104882930129,51.817394201932700071,-1.000000000000000000,-1.000000000000000000
495.573987980496667660,51.862581974892236758,-1.000000000000000000,-1.000000000000000000
495.264112676056356577,52.278331822302789078,-1.000000000000000000,-1.000000000000000000
495.450032018683828028,51.894369369369371725,-1.000000000000000000,-1.000000000000000000
495.338293874483269974,51.708423326133925002,-1.000000000000000000,-1.000000000000000000
495.279175164287323696,51.491862635311690610,-1.000000000000000000,-1.000000000000000000
495.235294117647072198,51.588385834180144229,-1.000000000000000000,-1.000000000000000000
495.654832568036738394,51.931196772747625801,-1.000000000000000000,-1.000000000000000000
495.900519839934190713,52.187976671152966901,-1.000000000000000000,-1.000000000000000000
495.565136035328009712,52.017161270983194754,-1.000000000000000000,-1.000000000000000000
495.115246416278978359,51.746942756395810648,-1.000000000000000000,-1.000000000000000000
494.948861934710976129,51.534504108972214453,-1.000000000000000000,-1.000000000000000000
495.028097928436920938,51.872147663621660740,-1.000000000000000000,-1.000000000000000000
495.760980746089046534,52.257423506830775750,-1.000000000000000000,-1.000000000000000000
495.891448358928016660,52.522612684332216304,-1.000000000000000000,-1.000000000000000000
495.777180205415504588,51.984067655831154298,-1.000000000000000000,-1.000000000000000000
495.371712140080774134,52.046773037607010792,-1.000000000000000000,-1.000000000000000000
495.294955016512915336,51.630471666101129813,-1.000000000000000000,-1.000000000000000000
495.318491731645735854,52.026005795792400477,-1.000000000000000000,-1.000000000000000000
495.692945745202280250,52.103255641879400173,-1.000000000000000000,-1.000000000000000000
495.833408696962862905,52.415545931160238524,-1.000000000000000000,-1.000000000000000000
495.531262986890340017,52.020406623665621737,-1.000000000000000000,-1.000000000000000000
495.139268632546247773,51.594841180446053386,-1.000000000000000000,-1.000000000000000000
495.003163126976971853,51.224187793427233828,-1.000000000000000000,-1.000000000000000000
495.572783149688916637,51.857217788767741240,-1.000000000000000000,-1.000000000000000000
495.458903335217655695,52.125595238095229433,-1.000000000000000000,-1.000000000000000000
495.842772961002879129,52.658406816236947634,-1.000000000000000000,-1.000000000000000000
495.540573016409439333,52.069116655428160811,-1.000000000000000000,-1.000000000000000000
494.993891402714950800,51.766094340328436374,-1.000000000000000000,-1.000000000000000000
495.072404526702257499,51.390301003344461606,-1.000000000000000000,-1.000000000000000000
495.156755938871242506,51.414793165467642666,-1.000000000000000000,-1.000000000000000000
495.380440116257148020,51.951470147014674694,-1.000000000000000000,-1.000000000000000000
496.003485103991010874,52.042709867452117578,-1.000000000000000000,-1.000000000000000000
495.424884481009826231,51.969315499606636877,-1.000000000000000000,-1.000000000000000000
495.444168547780293466,51.625284780578908794,-1.000000000000000000,-1.000000000000000000
494.958450519368511777,51.459784364551637736,-1.000000000000000000,-1.000000000000000000
495.012308380888441661,51.671958863491340708,-1.000000000000000000,-1.000000000000000000
495.653146008006672218,52.431240657698083396,-1.000000000000000000,-1.000000000000000000
495.876468387579507180,52.463941583860275841,-1.000000000000000000,-1.000000000000000000
495.554427142104884751,52.170764567194339634,-1.000000000000000000,-1.000000000000000000
495.192843691148766538,51.478793377183023949,-1.000000000000000000,-1.000000000000000000
495.320291479820639324,51.159786104255488226,-1.000000000000000000,-1.000000000000000000
495.376526560275692646,51.437467353182626084,-1.000000000000000000,-1.000000000000000000
495.546973649389428829,52.029200915812793937,-1.000000000000000000,-1.000000000000000000
495.484759317941779955,52.116655453390137609,-1.000000000000000000,-1.000000000000000000
495.189847450673255480,51.686865254653241664,-1.000000000000000000,-1.000000000000000000
494.976348687915333358,51.649742954707505760,-1.000000000000000000,-1.000000000000000000
495.043105063907944441,51.348081264108373034,-1.000000000000000000,-1.000000000000000000
495.297050877982883321,51.630915061949565370,-1.000000000000000000,-1.000000000000000000
495.598554162430787073,51.997115780799333606,-1.000000000000000000,-1.000000000000000000
495.560556372271832970,52.517575484452436285,-1.000000000000000000,-1.000000000000000000
495.318269122133074234,51.882651335813307014,-1.000000000000000000,-1.000000000000000000
495.261341222879707402,51.720152176345550288,-1.000000000000000000,-1.000000000000000000
494.700366466432456036,51.291226492844828044,-1.000000000000000000,-1.000000000000000000
495.280149473445817421,51.716100125897924045,-1.000000000000000000,-1.000000000000000000
495.638396911898269082,51.880238627889639247,-1.000000000000000000,-1.000000000000000000
495.532738095238073583,52.472166105499468358,-1.000000000000000000,-1.000000000000000000
495.024260889189804402,51.601244704382679629,-1.000000000000000000,-1.000000000000000000
495.226170268944997588,51.639178338001897828,-1.000000000000000000,-1.000000000000000000
494.788949688402510674,51.164615499365993401,-1.000000000000000000,-1.000000000000000000
495.370639150319391319,51.968784714507876288,-1.000000000000000000,-1.000000000000000000
495.985962541755839084,52.427606033452832435,-1.000000000000000000,-1.000000000000000000
495.890714717437276704,52.614223815927061878,-1.000000000000000000,-1.000000000000000000
495.633184523809518396,52.387616813730971899,-1.000000000000000000,-1.000000000000000000
495.242530424626067997,51.742608050454464319,-1.000000000000000000,-1.000000000000000000
494.820288868723537234,51.113807437366574504,-1.000000000000000000,-1.000000000000000000
495.591985632506464299,51.770798280052360951,-1.000000000000000000,-1.000000000000000000
495.541841241082579472,52.055393912265003564,-1.000000000000000000,-1.000000000000000000
495.782106132252522457,52.501692620176015680,-1.000000000000000000,-1.000000000000000000
495.134881964117084863,51.560672928218480138,-1.000000000000000000,-1.000000000000000000
495.229627956017452561,52.065143918291539649,-1.000000000000000000,-1.000000000000000000
494.779669297256646132,51.576607666332733970,-1.000000000000000000,-1.000000000000000000
495.392958801498139110,51.575347530316491884,-1.000000000000000000,-1.000000000000000000
495.648949085666572500,51.971361185983823816,-1.000000000000000000,-1.000000000000000000
495.967699530516426876,52.383866847009301182,-1.000000000000000000,-1.000000000000000000
495.458585167445903608,51.926737846433411505,-1.000000000000000000,-1.000000000000000000
495.428344310697241326,51.746420115007310869,-1.000000000000000000,-1.000000000000000000
494.873187580657429407,51.302052675269806059,-1.000000000000000000,-1.000000000000000000
495.424974710576577763,51.980606197014026293,-1.000000000000000000,-1.000000000000000000
495.703608630952373915,52.141008225794280406,-1.000000000000000000,-1.000000000000000000
495.689239021119647077,52.229468599033793907,-1.000000000000000000,-1.000000000000000000
495.416836388323133633,52.479733544089413044,-1.000000000000000000,-1.000000000000000000
495.256059245960500448,51.640434701142964968,-1.000000000000000000,-1.000000000000000000
494.886689163854498474,51.675997751545821757,-1.000000000000000000,-1.000000000000000000
495.129934581547502148,51.793910039798788603,-1.000000000000000000,-1.000000000000000000
495.754976680696188396,52.024470374985867238,-1.000000000000000000,-1.000000000000000000
495.875357411587685874,52.104019986372918538,-1.000000000000000000,-1.000000000000000000
495.581192712458971528,52.147234171005948156,-1.000000000000000000,-1.000000000000000000
495.180345165423148046,51.733152726041339520,-1.000000000000000000,-1.000000000000000000
494.833069977426646346,51.569472502805865588,-1.000000000000000000,-1.000000000000000000
495.136570162592477118,51.206741154562394058,-1.000000000000000000,-1.000000000000000000
495.508431924882643216,52.252718914676506756,-1.000000000000000000,-1.000000000000000000
495.654603532506598640,52.030591434398388628,-1.000000000000000000,-1.000000000000000000
495.482002952197092327,52.385640099345209819,-1.000000000000000000,-1.000000000000000000
495.257529264689196680,51.639909039226836285,-1.000000000000000000,-1.000000000000000000
495.258734119782218386,51.615822381968655463,-1.000000000000000000,-1.000000000000000000
494.890534328133242070,51.485133908306863759,-1.000000000000000000,-1.000000000000000000
495.977492326929620958,52.387888950996853055,-1.000000000000000000,-1.000000000000000000
495.659745858860901535,51.816921462829725442,-1.000000000000000000,-1.000000000000000000
495.596615057680651262,52.427287209831604287,-1.000000000000000000,-1.000000000000000000
495.257832972541848449,51.373988351864454671,-1.000000000000000000,-1.000000000000000000
495.393400157675387163,51.942714253239387290,-1.000000000000000000,-1.000000000000000000
495.467458521870298682,51.410561280338185952,-1.000000000000000000,-1.000000000000000000
495.919158983584452471,52.105057341605572674,-1.000000000000000000,-1.000000000000000000
495.539033597583966184,51.824421776332997069,-1.000000000000000000,-1.000000000000000000
495.624080744409411636,52.304947650905262435,-1.000000000000000000,-1.000000000000000000
495.502974173631514532,51.183337096410014055,-1.000000000000000000,-1.000000000000000000
495.265901159518193708,51.495193206897852178,-1.000000000000000000,-1.000000000000000000
495.417798913043498032,51.460589007690884955,-1.000000000000000000,-1.000000000000000000
495.633107088989447675,52.125338447653405183,-1.000000000000000000,-1.000000000000000000
495.932343790996696953,51.884869526262718864,-1.000000000000000000,-1.000000000000000000
495.721627408993583686,52.239237879645372686,-1.000000000000000000,-1.000000000000000000
494.826738407502887185,51.336046423995753685,-1.000000000000000000,-1.000000000000000000
495.405329118211568584,51.567484206614665254,-1.000000000000000000,-1.000000000000000000
495.003402903811263513,51.619178186526539776,-1.000000000000000000,-1.000000000000000000
495.897401282483997420,52.209907167286814911,-1.000000000000000000,-1.000000000000000000
495.295475842422888491,51.933723416225916480,-1.000000000000000000,-1.000000000000000000
495.871420486700628771,52.206425973831187548,-1.000000000000000000,-1.000000000000000000
494.640496333897317527,51.393539080590699086,-1.000000000000000000,-1.000000000000000000
495.277790295929094100,51.474592700294522274,-1.000000000000000000,-1.000000000000000000
495.414724755150302826,51.397184799426383961,-1.000000000000000000,-1.000000000000000000
495.627527650541821913,52.284183923654325099,-1.000000000000000000,-1.000000000000000000
495.417630977792782687,51.703007095393616055,-1.000000000000000000,-1.000000000000000000
495.258895289732322453,51.966021602160196835,-1.000000000000000000,-1.000000000000000000
494.964997550958912598,51.351592546954918816,-1.000000000000000000,-1.000000000000000000
495.313224799286331290,51.420629604822522651,-1.000000000000000000,-1.000000000000000000
495.264179828983230891,51.333482093049212835,-1.000000000000000000,-1.000000000000000000
495.976731115107895675,52.096433239962664175,-1.000000000000000000,-1.000000000000000000
495.410069760388239501,51.979622192473584619,-1.000000000000000000,-1.000000000000000000
495.698125163069789778,52.175560020837963293,-1.000000000000000000,-1.000000000000000000
494.845625492624719755,51.522904095032060923,-1.000000000000000000,-1.000000000000000000
495.281215699632866745,51.534366576819422789,-1.000000000000000000,-1.000000000000000000
495.074726267073060626,51.618615591397826847,-1.000000000000000000,-1.000000000000000000
495.816760616309636589,52.015161725067400766,-1.000000000000000000,-1.000000000000000000
495.961618218150306348,51.639913968757070961,-1.000000000000000000,-1.000000000000000000
495.520487014210857524,51.991912320483720578,-1.000000000000000000,-1.000000000000000000
494.809496954658243340,51.549010808182799792,-1.000000000000000000,-1.000000000000000000
495.322273984016987924,51.471051653660367720,-1.000000000000000000,-1.000000000000000000
495.339777976456559827,51.563513312509314801,-1.000000000000000000,-1.000000000000000000
495.844575760954398902,51.932002379359062161,-1.000000000000000000,-1.000000000000000000
495.560103077156270501,52.028823595129040314,-1.000000000000000000,-1.000000000000000000
495.445463014719564399,52.045243966225825716,-1.000000000000000000,-1.000000000000000000
494.876177556711127181,51.747623325099198155,-1.000000000000000000,-1.000000000000000000
494.961674572697859276,51.466305043884403858,-1.000000000000000000,-1.000000000000000000
495.008476179664739902,51.673688184220452513,-1.000000000000000000,-1.000000000000000000
495.613497850065414241,51.645428325280022364,-1.000000000000000000,-1.000000000000000000
495.456582316613946659,51.711320191158904436,-1.000000000000000000,-1.000000000000000000
495.781173914672081082,51.905472636815943588,-1.000000000000000000,-1.000000000000000000
495.449378531073421073,51.787430407652379927,-1.000000000000000000,-1.000000000000000000
495.093098517347812049,51.099048263928068536,-1.000000000000000000,-1.000000000000000000
494.996982384670502597,51.379776205980306258,-1.000000000000000000,-1.000000000000000000
495.483238095238107235,51.983865546218510190,-1.000000000000000000,-1.000000000000000000
495.640033291718680175,52.188018846757927349,-1.000000000000000000,-1.000000000000000000
495.669446322590317777,51.880076714801475646,-1.000000000000000000,-1.000000000000000000
495.439067295456254669,51.848969398784902296,-1.000000000000000000,-1.000000000000000000
494.845540382951526226,51.183371040723955048,-1.000000000000000000,-1.000000000000000000
494.992713615023490092,51.982195176921322854,-1.000000000000000000,-1.000000000000000000
495.665949008498614603,52.143303588237529311,-1.000000000000000000,-1.000000000000000000
495.614281400966206093,52.621414771882882633,-1.000000000000000000,-1.000000000000000000
495.709154769997724088,51.628549820381920199,-1.000000000000000000,-1.000000000000000000
495.129395218002798629,51.718129046662170367,-1.000000000000000000,-1.000000000000000000
494.817551357025024572,51.429317626139152253,-1.000000000000000000,-1.000000000000000000
495.300975628131254780,51.849040432271294776,-1.000000000000000000,-1.000000000000000000
495.631618874222453996,51.670627286786611876,-1.000000000000000000,-1.000000000000000000
495.751317374284838024,52.347266273976742923,-1.000000000000000000,-1.000000000000000000
495.604658163073338528,51.661129691564497080,-1.000000000000000000,-1.000000000000000000
495.143472348141415296,51.612874285073473857,-1.000000000000000000,-1.000000000000000000
494.770216962524671089,51.164791086350987825,-1.000000000000000000,-1.000000000000000000
495.487783693969277010,52.126740740740729052,-1.000000000000000000,-1.000000000000000000
495.239697828139753710,51.642648709315380984,-1.000000000000000000,-1.000000000000000000
495.752981260647345607,52.583872554584331738,-1.000000000000000000,-1.000000000000000000
495.293476621417823935,51.798189805347249148,-1.000000000000000000,-1.000000000000000000
495.192994350282504001,51.272969424123061799,-1.000000000000000000,-1.000000000000000000
494.631735624387658845,51.127504963104456692,-1.000000000000000000,-1.000000000000000000
495.460634236685962151,52.097014645840374669,-1.000000000000000000,-1.000000000000000000
495.272792751810129630,51.951428465005392354,-1.000000000000000000,-1.000000000000000000
495.650791850927930682,52.656438969764849389,-1.000000000000000000,-1.000000000000000000
495.084334164211782081,51.786599477416928039,-1.000000000000000000,-1.000000000000000000
495.408224369907145501,51.703989560029810946,-1.000000000000000000,-1.000000000000000000
495.109968776178504868,51.269885622741298903,-1.000000000000000000,-1.000000000000000000
495.419671883269074897,52.004666442677432769,-1.000000000000000000,-1.000000000000000000
495.346594817702339242,51.669249775381842937,-1.000000000000000000,-1.000000000000000000
495.850121928343639865,52.834755914944594224,-1.000000000000000000,-1.000000000000000000
495.316984871003398894,51.666366636663667578,-1.000000000000000000,-1.000000000000000000
495.552757256921154294,51.837231092122010523,-1.000000000000000000,-1.000000000000000000
494.557361733931259096,50.997856981727977654,-1.000000000000000000,-1.000000000000000000
495.374796655695547543,51.816169321666279757,-1.000000000000000000,-1.000000000000000000
495.588116137744748357,52.098608320309608644,-1.000000000000000000,-1.000000000000000000
495.800389338125171435,52.452249615370192259,-1.000000000000000000,-1.000000000000000000
495.174651715936136043,51.811737405494454833,-1.000000000000000000,-1.000000000000000000
495.581325863678785026,52.106068990961091458,-1.000000000000000000,-1.000000000000000000
494.959339548466800807,51.546165357276493069,-1.000000000000000000,-1.000000000000000000
495.370936685921378739,51.823646243207804218,-1.000000000000000000,-1.000000000000000000
495.290301862556191281,51.913203342618373881,-1.000000000000000000,-1.000000000000000000
496.016757041723167276,52.526039338399641565,-1.000000000000000000,-1.000000000000000000
495.528411887185313844,52.148148148148152359,-1.000000000000000000,-1.000000000000000000
495.320844584458427562,51.874696817045389707,-1.000000000000000000,-1.000000000000000000
495.001059402194471204,51.636749274391604558,-1.000000000000000000,-1.000000000000000000
495.456003320504123622,51.706524584034411873,-1.000000000000000000,-1.000000000000000000
495.264263924980241427,52.050129257052958565,-1.000000000000000000,-1.000000000000000000
495.830975372408147450,52.186988188233499386,-1.000000000000000000,-1.000000000000000000
495.413533551616410477,52.189595856489347625,-1.000000000000000000,-1.000000000000000000
495.429776021080385817,51.807750529821362306,-1.000000000000000000,-1.000000000000000000
495.227272727272747943,51.310940718699953322,-1.000000000000000000,-1.000000000000000000
495.444406664399878082,51.414813974591652368,-1.000000000000000000,-1.000000000000000000
495.581432979604130651,52.008080580298440054,-1.000000000000000000,-1.000000000000000000
495.573782856280899978,52.105365926927277087,-1.000000000000000000,-1.000000000000000000
495.593611960584439657,52.235391503931964508,-1.000000000000000000,-1.000000000000000000
495.200052814244770616,51.648672964462434720,-1.000000000000000000,-1.000000000000000000
494.867899703018679247,51.542129944784846884,-1.000000000000000000,-1.000000000000000000
495.307365652010503254,51.515707502374198157,-1.000000000000000000,-1.000000000000000000
495.729939828829856197,51.996380909296533446,-1.000000000000000000,-1.000000000000000000
496.070499735389716989,52.030953456845907112,-1.000000000000000000,-1.000000000000000000
495.528151135005998640,52.160859728506807187,-1.000000000000000000,-1.000000000000000000
495.250188878815379212,51.879552137525422495,-1.000000000000000000,-1.000000000000000000
494.972419494232156012,51.417345092718221622,-1.000000000000000000,-1.000000000000000000
495.087852371787619177,51.743769031239423839,-1.000000000000000000,-1.000000000000000000
495.735363175035956829,51.947270147135725438,-1.000000000000000000,-1.000000000000000000
495.806267163224617889,51.581702979101805795,-1.000000000000000000,-1.000000000000000000
495.213070998245996179,51.544931089565011462,-1.000000000000000000,-1.000000000000000000
495.216363704790921929,51.897715355805246418,-1.000000000000000000,-1.000000000000000000
494.935051778478168671,51.423927226633850296,-1.000000000000000000,-1.000000000000000000
494.979048052835366889,51.641265195857727122,-1.000000000000000000,-1.000000000000000000
495.663113803807164004,51.992106247661808993,-1.000000000000000000,-1.000000000000000000
495.431631722880581492,52.069160997732410578,-1.000000000000000000,-1.000000000000000000
495.593272171253829583,51.996699298600958628,-1.000000000000000000,-1.000000000000000000
495.502839520102270399,51.941686546253151846,-1.000000000000000000,-1.000000000000000000
495.201852060135706779,51.313707797578786085,-1.000000000000000000,-1.000000000000000000
495.223147939653244975,51.396531617951325188,-1.000000000000000000,-1.000000000000000000
495.458027064721648003,52.046885617214059039,-1.000000000000000000,-1.000000000000000000
495.674773755656133289,52.221227911191647308,-1.000000000000000000,-1.000000000000000000
495.625976856026454698,51.904579291676043340,-1.000000000000000000,-1.000000000000000000
495.001283648582329988,51.923506483771802777,-1.000000000000000000,-1.000000000000000000
495.176402695558294909,51.742413974851274361,-1.000000000000000000,-1.000000000000000000
495.312649075730462300,51.432818883340928551,-1.000000000000000000,-1.000000000000000000
495.536337706788344803,52.099865501008764568,-1.000000000000000000,-1.000000000000000000
495.972403694525780793,52.262612663151230663,-1.000000000000000000,-1.000000000000000000
495.454014543536402471,51.961353206659850912,-1.000000000000000000,-1.000000000000000000
495.011079812206560291,51.802333068211964928,-1.000000000000000000,-1.000000000000000000
494.811408440146919929,51.444369722782653298,-1.000000000000000000,-1.000000000000000000
495.049922410203976142,51.187090041741214463,-1.000000000000000000,-1.000000000000000000
495.438339021615490765,51.775979171383312405,-1.000000000000000000,-1.000000000000000000
495.692139077853369145,52.400354730367212142,-1.000000000000000000,-1.000000000000000000
495.509471622792148082,52.295930949445107672,-1.000000000000000000,-1.000000000000000000
495.234524617356555609,51.841179532946625841,-1.000000000000000000,-1.000000000000000000
495.070719649798093087,51.526472448561946749,-1.000000000000000000,-1.000000000000000000
495.247591960561237556,51.403028278779800075,-1.000000000000000000,-1.000000000000000000
495.613756016847162300,51.958815814127774502,-1.000000000000000000,-1.000000000000000000
495.569059518400706565,51.636237742345997503,-1.000000000000000000,-1.000000000000000000
495.712553818264211714,51.826420198376922599,-1.000000000000000000,-1.000000000000000000
495.466696976585581069,51.784822934232693115,-1.000000000000000000,-1.000000000000000000
495.150829045168677567,51.627945185019257224,-1.000000000000000000,-1.000000000000000000
495.214019473604139421,51.496259073143505702,-1.000000000000000000,-1.000000000000000000
495.459449149309534732,52.071299230421004722,-1.000000000000000000,-1.000000000000000000
496.065589818893784013,51.901927692769277201,-1.000000000000000000,-1.000000000000000000
495.702632470907246898,52.167493796526059668,-1.000000000000000000,-1.000000000000000000
495.482399789623968900,51.718963062860552782,-1.000000000000000000,-1.000000000000000000
495.199733637747328885,51.260828518560458633,-1.000000000000000000,-1.000000000000000000
495.498278314245055753,51.387265410508121022,-1.000000000000000000,-1.000000000000000000
495.650670271488138496,52.087395646988682074,-1.000000000000000000,-1.000000000000000000
495.379486009732374896,52.108229482429578638,-1.000000000000000000,-1.000000000000000000
495.826928907078979591,52.256392823418309490,-1.000000000000000000,-1.000000000000000000
495.202320412852657228,51.839875878570353507,-1.000000000000000000,-1.000000000000000000
495.127373118523564699,51.446822893195133020,-1.000000000000000000,-1.000000000000000000
495.219383893430233456,51.378039215686271746,-1.000000000000000000,-1.000000000000000000
495.480500284252400434,52.049324324324345525,-1.000000000000000000,-1.000000000000000000
495.562592382035234095,51.844158268010460233,-1.000000000000000000,-1.000000000000000000
495.754431039618680188,52.234042553191500247,-1.000000000000000000,-1.000000000000000000
495.630530303030298001,51.552568428946415224,-1.000000000000000000,-1.000000000000000000
495.244099543068614366,51.606177024482121851,-1.000000000000000000,-1.000000000000000000
495.022335408413482583,51.654090175320050093,-1.000000000000000000,-1.000000000000000000
495.563177853621539271,51.943064763831159780,-1.000000000000000000,-1.000000000000000000
495.385048352976752994,52.038958097395266122,-1.000000000000000000,-1.000000000000000000
495.857636152084978676,51.860918511891441085,-1.000000000000000000,-1.000000000000000000
495.251599469998097902,51.883196336748881095,-1.000000000000000000,-1.000000000000000000
495.247291123947604774,51.639169027384355104,-1.000000000000000000,-1.000000000000000000
495.038011365774707428,51.620540862254983949,-1.000000000000000000,-1.000000000000000000
495.476239160892134805,52.148131556351984273,-1.000000000000000000,-1.000000000000000000
495.929247238870686942,51.992184578565570519,-1.000000000000000000,-1.000000000000000000
495.699121715858098014,51.953735566261400436,-1.000000000000000000,-1.000000000000000000
495.335225122966335221,51.537254901960807274,-1.000000000000000000,-1.000000000000000000
495.286040846917728686,51.489696292155770152,-1.000000000000000000,-1.000000000000000000
495.242571278116315625,51.346741154562380416,-1.000000000000000000,-1.000000000000000000
495.422666064846168865,51.800184877056778987,-1.000000000000000000,-1.000000000000000000
495.550762576826741679,51.976071859903413497,-1.000000000000000000,-1.000000000000000000
495.946127946127944597,52.349561648946121295,-1.000000000000000000,-1.000000000000000000
495.342555994729934810,51.304242015799900400,-1.000000000000000000,-1.000000000000000000
495.272246163151123710,51.643198804185374229,-1.000000000000000000,-1.000000000000000000
495.078622777147188572,51.557265150658054154,-1.000000000000000000,-1.000000000000000000
496.021173007246375164,52.277915075263990730,-1.000000000000000000,-1.000000000000000000
495.538671758011389556,52.045882573625988243,-1.000000000000000000,-1.000000000000000000
495.409734712230203968,51.991676125614844750,-1.000000000000000000,-1.000000000000000000
495.134618999285748941,51.609591354272197350,-1.000000000000000000,-1.000000000000000000
495.360850390139091814,51.302135936857098386,-1.000000000000000000,-1.000000000000000000
495.255253561896154224,51.204940770730217992,-1.000000000000000000,-1.000000000000000000
495.634600291512469994,51.930348258706487741,-1.000000000000000000,-1.000000000000000000
495.684533906291221683,52.080510388437232905,-1.000000000000000000,-1.000000000000000000
495.658500037461635657,52.138589525430120375,-1.000000000000000000,-1.000000000000000000
495.344964730601816427,51.678443362397615601,-1.000000000000000000,-1.000000000000000000
494.913678017875326987,51.392207500561426059,-1.000000000000000000,-1.000000000000000000
494.987813620071676723,51.222545834733580250,-1.000000000000000000,-1.000000000000000000
495.613612368024121224,51.793813658059889349,-1.000000000000000000,-1.000000000000000000
495.433223522284094997,52.109882747068695608,-1.000000000000000000,-1.000000000000000000
495.671862151453979095,52.386812279516618673,-1.000000000000000000,-1.000000000000000000
495.091521064972425847,51.760334903192074307,-1.000000000000000000,-1.000000000000000000
495.140751630291390484,51.357558685446008440,-1.000000000000000000,-1.000000000000000000
495.290839665797136604,51.633307065931205670,-1.000000000000000000,-1.000000000000000000
495.522356121184827771,51.791848454338662577,-1.000000000000000000,-1.000000000000000000
495.328057390116157421,52.200389250692410315,-1.000000000000000000,-1.000000000000000000
495.758570304597071754,52.329419220159536508,-1.000000000000000000,-1.000000000000000000
495.505090497737569422,51.535222397832455954,-1.000000000000000000,-1.000000000000000000
495.187530571546858482,51.031728214913755437,-1.000000000000000000,-1.000000000000000000
494.895713371721058138,51.541271788010533328,-1.000000000000000000,-1.000000000000000000
495.464129780186681273,51.633434151077267416,-1.000000000000000000,-1.000000000000000000
495.881943656645887586,52.094982078853036001,-1.000000000000000000,-1.000000000000000000
495.789562860047453796,52.134087599417512138,-1.000000000000000000,-1.000000000000000000
495.382953226229233223,51.639241216747109320,-1.000000000000000000,-1.000000000000000000
495.194049649422026960,51.703031660692943206,-1.000000000000000000,-1.000000000000000000
495.299318190379324278,51.521415689810623917,-1.000000000000000000,-1.000000000000000000
495.371428571428566556,51.635704355014468092,-1.000000000000000000,-1.000000000000000000
495.395417422867524238,52.016529546564470365,-1.000000000000000000,-1.000000000000000000
495.440493659931519232,52.102953871560998778,-1.000000000000000000,-1.000000000000000000
495.280177313025660624,51.671674633887278105,-1.000000000000000000,-1.000000000000000000
494.884431385843981843,51.692263936291226400,-1.000000000000000000,-1.000000000000000000
494.918888258650042644,51.756003301816008388,-1.000000000000000000,-1.000000000000000000
495.480333144046937832,51.823772493331830447,-1.000000000000000000,-1.000000000000000000
495.829925825520547278,52.071022834142127067,-1.000000000000000000,-1.000000000000000000
495.678630736714978866,51.902799669744069888,-1.000000000000000000,-1.000000000000000000
495.298279302684591130,51.955683355886321806,-1.000000000000000000,-1.000000000000000000
495.113633770678859491,51.429010956025820178,-1.000000000000000000,-1.000000000000000000
495.092298380995600837,51.645487823098733315,-1.000000000000000000,-1.000000000000000000
495.290241678066593067,51.849556528573032210,-1.000000000000000000,-1.000000000000000000
495.784324813390639974,52.288065843621382101,-1.000000000000000000,-1.000000000000000000
495.582065258535862995,51.924177717839199886,-1.000000000000000000,-1.000000000000000000
495.294738023112302017,51.701008510478743574,-1.000000000000000000,-1.000000000000000000
494.933416327146517233,50.737000640084318093,-1.000000000000000000,-1.000000000000000000
495.225382436260645136,51.560827941120805917,-1.000000000000000000,-1.000000000000000000
495.202666666666686979,51.835277840101696256,-1.000000000000000000,-1.000000000000000000
495.876981418278319325,52.228303303303277971,-1.000000000000000000,-1.000000000000000000
495.463113347821092702,51.738390035322538552,-1.000000000000000000,-1.000000000000000000
495.308412987407052697,52.142450462598787908,-1.000000000000000000,-1.000000000000000000
495.094711917916356470,51.279696969696942688,-1.000000000000000000,-1.000000000000000000
495.248809793697546411,51.522493841197672282,-1.000000000000000000,-1.000000000000000000
495.589905126185954032,51.638329017002604360,-1.000000000000000000,-1.000000000000000000
495.756852543075808626,52.475891690009348167,-1.000000000000000000,-1.000000000000000000
495.468865296287958699,51.780914588057441961,-1.000000000000000000,-1.000000000000000000
495.486092163104444808,51.901991911403399627,-1.000000000000000000,-1.000000000000000000
