565.245013729217589571,272.384546925566382924,-1.000000000000000000,-1.000000000000000000
566.060466099136647244,272.803725236864806902,-1.000000000000000000,-1.000000000000000000
566.494457568598932085,273.489665661750677828,-1.000000000000000000,-1.000000000000000000
565.931777596174242717,273.156745228260547265,-1.000000000000000000,-1.000000000000000000
565.106955261727989637,272.186608418952118882,-1.000000000000000000,-1.000000000000000000
564.667150064956672395,271.813695299837945640,-1.000000000000000000,-1.000000000000000000
565.143943508962593114,272.237995319183255560,-1.000000000000000000,-1.000000000000000000
565.977771729268738454,272.842308419035248335,-1.000000000000000000,-1.000000000000000000
566.358703184790101659,273.362055442866790145,-1.000000000000000000,-1.000000000000000000
566.114488808227406480,273.115699344280074001,-1.000000000000000000,-1.000000000000000000
565.057148040638594466,272.221926212965172454,-1.000000000000000000,-1.000000000000000000
564.515423969969447171,271.924654037350592262,-1.000000000000000000,-1.000000000000000000
565.174962976395590886,272.240565145743858011,-1.000000000000000000,-1.000000000000000000
565.887107487922776272,272.902292797537029401,-1.000000000000000000,-1.000000000000000000
566.413112378882487974,273.200331620864972137,-1.000000000000000000,-1.000000000000000000
565.769018859927882659,273.088143357585522608,-1.000000000000000000,-1.000000000000000000
564.779031328662881606,272.253040968794721266,-1.000000000000000000,-1.000000000000000000
564.628962295628980428,272.029905886794495018,-1.000000000000000000,-1.000000000000000000
565.255337809230013590,272.111964223174140898,-1.000000000000000000,-1.000000000000000000
566.048935783154433921,273.047799757771485929,-1.000000000000000000,-1.000000000000000000
566.330245512063697788,273.437410615504973066,-1.000000000000000000,-1.000000000000000000
565.826654550961620771,272.872471059179929398,-1.000000000000000000,-1.000000000000000000
565.034961859789291339,272.487334624072218503,-1.000000000000000000,-1.000000000000000000
564.630472907595503784,271.759760246233554426,-1.000000000000000000,-1.000000000000000000
565.360855991027847267,272.504455605962448317,-1.000000000000000000,-1.000000000000000000
566.100563226744156964,272.892878274433883234,-1.000000000000000000,-1.000000000000000000
566.298095843550413520,273.341270484058213697,-1.000000000000000000,-1.000000000000000000
565.854316492186399046,272.997782105377041262,-1.000000000000000000,-1.000000000000000000
564.932456935630170847,272.408582139871100480,-1.000000000000000000,-1.000000000000000000
564.616781692698850748,271.944928003438690212,-1.000000000000000000,-1.000000000000000000
565.192398403483366565,272.123911930363533429,-1.000000000000000000,-1.000000000000000000
566.218294967071415158,272.898850389036965680,-1.000000000000000000,-1.000000000000000000
566.267181584128366012,273.392277741726161366,-1.000000000000000000,-1.000000000000000000
566.264199993954207457,273.303468519416128402,-1.000000000000000000,-1.000000000000000000
564.952121871599501901,272.522634077910879569,-1.000000000000000000,-1.000000000000000000
564.620247047808902607,272.090696925800784811,-1.000000000000000000,-1.000000000000000000
565.061231884057974639,272.171639396855994164,-1.000000000000000000,-1.000000000000000000
565.928069537827923341,272.808291127368192974,-1.000000000000000000,-1.000000000000000000
566.258396058160315079,273.598440703571782251,-1.000000000000000000,-1.000000000000000000
565.954966406391804412,273.027815961833880465,-1.000000000000000000,-1.000000000000000000
564.876086956521703542,272.191766418634756519,-1.000000000000000000,-1.000000000000000000
564.635324015247761054,271.667556346381957155,-1.000000000000000000,-1.000000000000000000
565.147628530050724294,272.165797566519586326,-1.000000000000000000,-1.000000000000000000
566.081609820996618510,272.837409493161658247,-1.000000000000000000,-1.000000000000000000
566.376974759397171510,273.353129713423868452,-1.000000000000000000,-1.000000000000000000
565.694001449800680348,273.048803543455960607,-1.000000000000000000,-1.000000000000000000
564.760928713948828772,272.420122825528210342,-1.000000000000000000,-1.000000000000000000
564.554690329590698639,272.164562766359154011,-1.000000000000000000,-1.000000000000000000
565.135358114233895321,272.070598676779127345,-1.000000000000000000,-1.000000000000000000
566.200768579036548545,273.078456870394461475,-1.000000000000000000,-1.000000000000000000
566.391142571921250237,273.450708414449536576,-1.000000000000000000,-1.000000000000000000
565.831561411479697199,273.083770902334549646,-1.000000000000000000,-1.000000000000000000
565.077041742286724002,272.483852736961125629,-1.000000000000000000,-1.000000000000000000
564.719641993226900922,271.978733726853761254,-1.000000000000000000,-1.000000000000000000
565.086125701865626070,272.256784351657756815,-1.000000000000000000,-1.000000000000000000
566.058103698332161002,273.019633052095855419,-1.000000000000000000,-1.000000000000000000
566.286392644345596636,273.470721632785284783,-1.000000000000000000,-1.000000000000000000
565.937999273783589160,273.064377104377172145,-1.000000000000000000,-1.000000000000000000
564.827215458234832113,272.299110253524190739,-1.000000000000000000,-1.000000000000000000
564.685228924418652241,271.920162091082261213,-1.000000000000000000,-1.000000000000000000
565.139978213507674809,271.987337714377304110,-1.000000000000000000,-1.000000000000000000
566.040228841264024595,272.962103510326869582,-1.000000000000000000,-1.000000000000000000
566.504397855292495478,273.405112919251337189,-1.000000000000000000,-1.000000000000000000
566.156600974782804769,273.269324938789850421,-1.000000000000000000,-1.000000000000000000
564.970550924247845614,272.511209558329937863,-1.000000000000000000,-1.000000000000000000
564.834268645908764483,271.869658463353175648,-1.000000000000000000,-1.000000000000000000
565.006977165639682426,271.926494215938305388,-1.000000000000000000,-1.000000000000000000
566.036344944363804643,273.124112620214873459,-1.000000000000000000,-1.000000000000000000
566.321468466020633059,273.358930969648099563,-1.000000000000000000,-1.000000000000000000
565.891056467955195330,273.218229883197068375,-1.000000000000000000,-1.000000000000000000
565.075362318840575426,272.502138994269103023,-1.000000000000000000,-1.000000000000000000
564.596433869161160146,272.134567901234618148,-1.000000000000000000,-1.000000000000000000
565.146551984306597660,272.219580983078117242,-1.000000000000000000,-1.000000000000000000
566.017128874388276927,272.995351711537409756,-1.000000000000000000,-1.000000000000000000
566.551380715255845644,273.592762733720178403,-1.000000000000000000,-1.000000000000000000
565.923541308219455459,273.197626335857421509,-1.000000000000000000,-1.000000000000000000
564.844351616418407502,272.457350565428100708,-1.000000000000000000,-1.000000000000000000
564.655615102794627091,272.124629479924578845,-1.000000000000000000,-1.000000000000000000
565.120877129394784788,272.419246208141430543,-1.000000000000000000,-1.000000000000000000
565.853415473817676684,272.902023943737617628,-1.000000000000000000,-1.000000000000000000
566.309903863595081930,273.652094127806549295,-1.000000000000000000,-1.000000000000000000
565.640198211264191741,273.061370289796741417,-1.000000000000000000,-1.000000000000000000
564.894566172682402794,272.457296715131974452,-1.000000000000000000,-1.000000000000000000
564.559325108853386155,271.834139135106056528,-1.000000000000000000,-1.000000000000000000
565.032366273798743350,272.128184434939385028,-1.000000000000000000,-1.000000000000000000
565.823486638792928716,272.699868375104074403,-1.000000000000000000,-1.000000000000000000
566.352709657886748573,273.522373619285644963,-1.000000000000000000,-1.000000000000000000
566.171060606060564169,273.294239848914116919,-1.000000000000000000,-1.000000000000000000
564.867278343023258458,272.467820181112529099,-1.000000000000000000,-1.000000000000000000
564.488032638259255691,271.728023312287518820,-1.000000000000000000,-1.000000000000000000
565.154227502191588428,272.197209926223990806,-1.000000000000000000,-1.000000000000000000
565.930142263475545406,272.973878295384452031,-1.000000000000000000,-1.000000000000000000
566.612864224398435908,273.471428956664794896,-1.000000000000000000,-1.000000000000000000
566.071372335271348675,273.003664780382678146,-1.000000000000000000,-1.000000000000000000
564.928998029407239301,272.483140655106012673,-1.000000000000000000,-1.000000000000000000
564.566675740253458571,271.599296776444703028,-1.000000000000000000,-1.000000000000000000
565.176817110748629602,272.165102035358017929,-1.000000000000000000,-1.000000000000000000
565.973722363175056671,272.761422136422197582,-1.000000000000000000,-1.000000000000000000
566.516742218192803193,273.436676880073150642,-1.000000000000000000,-1.000000000000000000
566.194436877629414084,273.152947809278316527,-1.000000000000000000,-1.000000000000000000
565.080232347068431409,272.421635685738010579,-1.000000000000000000,-1.000000000000000000
564.512332245194102143,271.824018736876155344,-1.000000000000000000,-1.000000000000000000
565.106520159825663541,272.366200203742437225,-1.000000000000000000,-1.000000000000000000
565.929842076601971712,272.924318084192464084,-1.000000000000000000,-1.000000000000000000
566.529620207159723577,273.559328428598405480,-1.000000000000000000,-1.000000000000000000
565.876788577305887884,272.931681196857198302,-1.000000000000000000,-1.000000000000000000
564.885662431941909745,272.395799763669629101,-1.000000000000000000,-1.000000000000000000
564.381138477384979524,271.702960226968571078,-1.000000000000000000,-1.000000000000000000
565.247636308714731967,272.417062884465622119,-1.000000000000000000,-1.000000000000000000
566.028812581595161646,273.020655155720533003,-1.000000000000000000,-1.000000000000000000
566.536284470246755518,273.756691194307450132,-1.000000000000000000,-1.000000000000000000
565.879646446300967000,273.072488217652107778,-1.000000000000000000,-1.000000000000000000
565.117582817619222624,272.474495274914033871,-1.000000000000000000,-1.000000000000000000
564.482550924664792547,271.780776439089663654,-1.000000000000000000,-1.000000000000000000
565.113570391872258369,272.202577677950671386,-1.000000000000000000,-1.000000000000000000
565.975645219920011186,272.860939050223919367,-1.000000000000000000,-1.000000000000000000
566.504304485727288920,273.580152466849199300,-1.000000000000000000,-1.000000000000000000
565.780451037144302973,273.032715551974206392,-1.000000000000000000,-1.000000000000000000
565.052469694228307162,272.519245791245793953,-1.000000000000000000,-1.000000000000000000
564.529101491451456241,272.105202467149410950,-1.000000000000000000,-1.000000000000000000
565.205300214546923598,272.469412932121144877,-1.000000000000000000,-1.000000000000000000
565.809458886263087152,272.993080236941295880,-1.000000000000000000,-1.000000000000000000
566.559381056201573301,273.620617224107263610,-1.000000000000000000,-1.000000000000000000
565.889039855072496721,273.043284428953597853,-1.000000000000000000,-1.000000000000000000
565.130940511797916770,272.391962631875685474,-1.000000000000000000,-1.000000000000000000
564.463504203465959108,271.890484595635371079,-1.000000000000000000,-1.000000000000000000
564.977870487937593680,271.990356798457128207,-1.000000000000000000,-1.000000000000000000
565.813973140184089061,272.836801634672269756,-1.000000000000000000,-1.000000000000000000
566.559161227942922778,273.566016443656280899,-1.000000000000000000,-1.000000000000000000
565.982796088373788734,273.045675020210182993,-1.000000000000000000,-1.000000000000000000
564.857363636363629666,272.417552334943593451,-1.000000000000000000,-1.000000000000000000
564.435264209188289897,271.744530244530210439,-1.000000000000000000,-1.000000000000000000
565.003530050687913899,272.219698185904690035,-1.000000000000000000,-1.000000000000000000
565.795006968430016059,272.818994114499787429,-1.000000000000000000,-1.000000000000000000
566.306758679136805767,273.634457170511382174,-1.000000000000000000,-1.000000000000000000
565.731394224960695283,273.180063265471630984,-1.000000000000000000,-1.000000000000000000
565.090595497458252794,272.501782029637979576,-1.000000000000000000,-1.000000000000000000
564.600763220061708125,271.974866982166304297,-1.000000000000000000,-1.000000000000000000
565.087472806381470036,272.132701421800902608,-1.000000000000000000,-1.000000000000000000
565.917854656617919318,272.860909139871864681,-1.000000000000000000,-1.000000000000000000
566.475383080968413196,273.409673329556767385,-1.000000000000000000,-1.000000000000000000
566.106202466442482546,273.335872089882741420,-1.000000000000000000,-1.000000000000000000
565.018071195059974343,272.306295366847507466,-1.000000000000000000,-1.000000000000000000
564.844480696030473155,271.777409443725787241,-1.000000000000000000,-1.000000000000000000
565.134733792104270833,272.183564308290783629,-1.000000000000000000,-1.000000000000000000
565.937081781572715045,272.852813852813824269,-1.000000000000000000,-1.000000000000000000
566.404714415231183011,273.493425511725604338,-1.000000000000000000,-1.000000000000000000
566.151953646402148479,273.182337111636570626,-1.000000000000000000,-1.000000000000000000
564.959851368497311341,272.383311814073636015,-1.000000000000000000,-1.000000000000000000
564.675448956724494565,272.053536664503553766,-1.000000000000000000,-1.000000000000000000
564.939945652173946655,271.744494696602600925,-1.000000000000000000,-1.000000000000000000
566.070354943860934327,272.799527795664289442,-1.000000000000000000,-1.000000000000000000
566.499425391640897942,273.463063795205243878,-1.000000000000000000,-1.000000000000000000
565.849271940181097307,273.347146610330128169,-1.000000000000000000,-1.000000000000000000
564.900381748772929313,272.173945925505790910,-1.000000000000000000,-1.000000000000000000
564.729229002327201670,271.783932461873632747,-1.000000000000000000,-1.000000000000000000
564.865857341305854789,271.857593045368162166,-1.000000000000000000,-1.000000000000000000
565.963954966406390668,272.908155250399545366,-1.000000000000000000,-1.000000000000000000
566.443216808549209418,273.491270940240610798,-1.000000000000000000,-1.000000000000000000
566.024764150943383356,273.084396815008744852,-1.000000000000000000,-1.000000000000000000
565.045676998368662680,272.399462851818384479,-1.000000000000000000,-1.000000000000000000
564.619638009049822358,271.955389418337176721,-1.000000000000000000,-1.000000000000000000
565.185538014879284674,272.210730163925518355,-1.000000000000000000,-1.000000000000000000
565.836145890038096695,272.764187282986085847,-1.000000000000000000,-1.000000000000000000
566.363757213208828034,273.521721378409324643,-1.000000000000000000,-1.000000000000000000
566.061444908331850456,273.393777412280655881,-1.000000000000000000,-1.000000000000000000
564.798223350253806530,272.384394956607138738,-1.000000000000000000,-1.000000000000000000
564.520424836601250718,271.755740040550108461,-1.000000000000000000,-1.000000000000000000
565.071830219481171298,272.086721529645046758,-1.000000000000000000,-1.000000000000000000
566.087408349996962897,272.891069676153051660,-1.000000000000000000,-1.000000000000000000
566.408266860043568158,273.400325998370021807,-1.000000000000000000,-1.000000000000000000
566.225260416666742458,273.246349569576068461,-1.000000000000000000,-1.000000000000000000
565.097421463591786051,272.271459694989061973,-1.000000000000000000,-1.000000000000000000
564.597660500544066053,271.942857142857178587,-1.000000000000000000,-1.000000000000000000
565.159597607395312480,272.035077724424127155,-1.000000000000000000,-1.000000000000000000
566.022796674225219249,272.915408676730635307,-1.000000000000000000,-1.000000000000000000
566.434609105750041635,273.290250177916504981,-1.000000000000000000,-1.000000000000000000
565.971336904869986029,272.801906634980468880,-1.000000000000000000,-1.000000000000000000
565.028574020319297233,272.419011012975715857,-1.000000000000000000,-1.000000000000000000
564.505431986684811818,271.766402051449972532,-1.000000000000000000,-1.000000000000000000
565.064984570702563360,272.123846844640411291,-1.000000000000000000,-1.000000000000000000
566.060641876534191397,272.956927923523949175,-1.000000000000000000,-1.000000000000000000
566.444062377462046243,273.436232475840483858,-1.000000000000000000,-1.000000000000000000
566.016603157321696926,273.176408249775818149,-1.000000000000000000,-1.000000000000000000
564.902719854941096855,272.300603983023165711,-1.000000000000000000,-1.000000000000000000
564.518333484724621485,272.068455058477184139,-1.000000000000000000,-1.000000000000000000
565.113891911498058107,272.166883152026912285,-1.000000000000000000,-1.000000000000000000
565.903459348115802641,272.869999188509268606,-1.000000000000000000,-1.000000000000000000
566.375441456126054618,273.324447685410291342,-1.000000000000000000,-1.000000000000000000
566.019999394874616883,273.310407658208873727,-1.000000000000000000,-1.000000000000000000
565.274102308134388295,272.421938526589656249,-1.000000000000000000,-1.000000000000000000
564.572287155325966523,271.861381018480756211,-1.000000000000000000,-1.000000000000000000
564.894994559303540882,272.143848886018759003,-1.000000000000000000,-1.000000000000000000
566.169538145327123857,272.864649080217986921,-1.000000000000000000,-1.000000000000000000
566.475767732584472469,273.314290338242471989,-1.000000000000000000,-1.000000000000000000
565.989400253669145968,273.014806994748482794,-1.000000000000000000,-1.000000000000000000
565.114820526777293708,272.529167341212087194,-1.000000000000000000,-1.000000000000000000
564.603376293338214964,271.835099641345095733,-1.000000000000000000,-1.000000000000000000
565.125339858618872313,272.230955846676351939,-1.000000000000000000,-1.000000000000000000
565.885389246921477024,272.978959926251263823,-1.000000000000000000,-1.000000000000000000
566.470668238280950391,273.342604570935691299,-1.000000000000000000,-1.000000000000000000
566.022855069834918140,273.016399633166088279,-1.000000000000000000,-1.000000000000000000
565.103651889534830843,272.506732507622928097,-1.000000000000000000,-1.000000000000000000
564.577858549144366407,271.782802633346818766,-1.000000000000000000,-1.000000000000000000
565.135894183728964890,272.168433260511960725,-1.000000000000000000,-1.000000000000000000
565.935015429297436640,272.797844246833733450,-1.000000000000000000,-1.000000000000000000
566.321293523308213480,273.494609710626605192,-1.000000000000000000,-1.000000000000000000
565.946159649917035495,272.859173544802274591,-1.000000000000000000,-1.000000000000000000
565.058493299529118303,272.490454263941614954,-1.000000000000000000,-1.000000000000000000
564.479437524623449463,271.676760316303671061,-1.000000000000000000,-1.000000000000000000
565.199637023593481899,272.135524382097514717,-1.000000000000000000,-1.000000000000000000
565.975398192643638140,272.928830143799359575,-1.000000000000000000,-1.000000000000000000
566.437107487922730797,273.400700336700310800,-1.000000000000000000,-1.000000000000000000
566.069975246030253402,273.522241992882527484,-1.000000000000000000,-1.000000000000000000
565.018797675263385827,272.392884137782061771,-1.000000000000000000,-1.000000000000000000
564.550226654578409580,271.668364047849991039,-1.000000000000000000,-1.000000000000000000
564.909082685000839774,272.173366766426738650,-1.000000000000000000,-1.000000000000000000
566.018832562498118932,272.998016032601412917,-1.000000000000000000,-1.000000000000000000
566.524348981934622316,273.464532988496443977,-1.000000000000000000,-1.000000000000000000
565.886885344931670261,272.991585342904045319,-1.000000000000000000,-1.000000000000000000
565.026688453159067649,272.357423557278252702,-1.000000000000000000,-1.000000000000000000
564.448271683480243155,271.752476842529176793,-1.000000000000000000,-1.000000000000000000
565.039833423863910866,272.084934222865285847,-1.000000000000000000,-1.000000000000000000
565.741439235953748721,272.777741892073777308,-1.000000000000000000,-1.000000000000000000
566.317762660619791859,273.275803722504178950,-1.000000000000000000,-1.000000000000000000
565.849273260206018676,273.221543735604427638,-1.000000000000000000,-1.000000000000000000
565.033630249045700111,272.505113956672289532,-1.000000000000000000,-1.000000000000000000
564.527117721748595613,271.739276049620912090,-1.000000000000000000,-1.000000000000000000
564.799364791288553533,272.357796691825910784,-1.000000000000000000,-1.000000000000000000
565.622204061866341362,272.763977324628513088,-1.000000000000000000,-1.000000000000000000
566.249969707984973866,273.519776279169377631,-1.000000000000000000,-1.000000000000000000
566.101567701712951930,273.066368023891413941,-1.000000000000000000,-1.000000000000000000
565.102342898655933823,272.648907760508450338,-1.000000000000000000,-1.000000000000000000
564.661583151779268519,272.080410995463012114,-1.000000000000000000,-1.000000000000000000
565.109499637418366547,272.280039615621376470,-1.000000000000000000,-1.000000000000000000
565.937398079362196768,273.019954177323143085,-1.000000000000000000,-1.000000000000000000
566.310346913468265484,273.645974053822214955,-1.000000000000000000,-1.000000000000000000
565.885093917980384504,273.146179491315820087,-1.000000000000000000,-1.000000000000000000
564.990056047730945465,272.589017279195445553,-1.000000000000000000,-1.000000000000000000
564.544275803568780248,271.933519182264717529,-1.000000000000000000,-1.000000000000000000
564.954364360738850337,272.245236762864124103,-1.000000000000000000,-1.000000000000000000
565.711135278835172358,273.148839569478923295,-1.000000000000000000,-1.000000000000000000
566.386912883956483711,273.784870355519956320,-1.000000000000000000,-1.000000000000000000
566.132741224095298094,272.942532424120827272,-1.000000000000000000,-1.000000000000000000
564.923753399818679100,272.340684898548374804,-1.000000000000000000,-1.000000000000000000
564.580627607473275020,272.053882008256778136,-1.000000000000000000,-1.000000000000000000
564.996194273287414944,272.365389752631244846,-1.000000000000000000,-1.000000000000000000
565.714199377511931743,272.937778133077472376,-1.000000000000000000,-1.000000000000000000
566.244339651159293680,273.447254007628544059,-1.000000000000000000,-1.000000000000000000
565.871209375377588913,273.074347454000871949,-1.000000000000000000,-1.000000000000000000
565.227141861381369381,272.537562426947147287,-1.000000000000000000,-1.000000000000000000
564.414801389518174801,272.105104624816704018,-1.000000000000000000,-1.000000000000000000
564.993388878826294786,272.196844118584635908,-1.000000000000000000,-1.000000000000000000
565.614175374829642351,272.857430677058459878,-1.000000000000000000,-1.000000000000000000
566.431338825020361583,273.716424658262894809,-1.000000000000000000,-1.000000000000000000
565.875747147255879099,273.074591516312693784,-1.000000000000000000,-1.000000000000000000
565.010771180304118388,272.799819201829222948,-1.000000000000000000,-1.000000000000000000
564.615319483504208620,272.217676807795214700,-1.000000000000000000,-1.000000000000000000
565.153268151367001337,272.492395437262302949,-1.000000000000000000,-1.000000000000000000
565.762444807354995646,273.455107868020263595,-1.000000000000000000,-1.000000000000000000
566.357516873997383300,273.978116886557472753,-1.000000000000000000,-1.000000000000000000
565.934084234111423939,273.632230421328245029,-1.000000000000000000,-1.000000000000000000
564.945828031267069491,272.746118360353193566,-1.000000000000000000,-1.000000000000000000
564.489938361131180500,272.223908918406095836,-1.000000000000000000,-1.000000000000000000
565.087059957237897834,272.613223706748840414,-1.000000000000000000,-1.000000000000000000
565.634374432540425914,273.364409240924146616,-1.000000000000000000,-1.000000000000000000
566.444424346567757311,274.094650531255751957,-1.000000000000000000,-1.000000000000000000
565.887690029316672735,273.915424069374012106,-1.000000000000000000,-1.000000000000000000
565.159346795858596124,272.745862884160715112,-1.000000000000000000,-1.000000000000000000
564.524469820554713806,272.286800965271254427,-1.000000000000000000,-1.000000000000000000
564.925493391272880217,272.605500013120263247,-1.000000000000000000,-1.000000000000000000
565.780579236955077249,273.207542731692001325,-1.000000000000000000,-1.000000000000000000
566.390668966143266516,273.761784974975739715,-1.000000000000000000,-1.000000000000000000
565.905184916606231127,273.642541624192972449,-1.000000000000000000,-1.000000000000000000
565.082970356926807654,272.863690942312700827,-1.000000000000000000,-1.000000000000000000
564.273429951690786766,272.112015018773490738,-1.000000000000000000,-1.000000000000000000
564.894743195123396617,272.710258214127520660,-1.000000000000000000,-1.000000000000000000
565.796669084753943935,273.187359565240058146,-1.000000000000000000,-1.000000000000000000
566.304664679133907157,273.749283070024489462,-1.000000000000000000,-1.000000000000000000
565.923979253362290365,273.326786645800780207,-1.000000000000000000,-1.000000000000000000
565.108073859522050952,272.662680111519307502,-1.000000000000000000,-1.000000000000000000
564.550426265191390485,272.171811419537107213,-1.000000000000000000,-1.000000000000000000
564.617567077592411806,272.465230447839189765,-1.000000000000000000,-1.000000000000000000
565.827318341192153639,273.139128855682656649,-1.000000000000000000,-1.000000000000000000
566.424533429969187637,273.900523560209421703,-1.000000000000000000,-1.000000000000000000
565.843974196660042253,273.288439427197658915,-1.000000000000000000,-1.000000000000000000
564.906515837104052480,272.742783181675576998,-1.000000000000000000,-1.000000000000000000
564.541078111795286532,272.282534469726556381,-1.000000000000000000,-1.000000000000000000
564.996650371175064720,272.428858447488551064,-1.000000000000000000,-1.000000000000000000
566.154421336239465745,273.319581441469608762,-1.000000000000000000,-1.000000000000000000
566.564141961918494417,273.892770233142300640,-1.000000000000000000,-1.000000000000000000
566.130231011127307283,273.749830490794352045,-1.000000000000000000,-1.000000000000000000
565.084751901484992231,272.717305531603528834,-1.000000000000000000,-1.000000000000000000
564.414266739117238103,272.036004373633204523,-1.000000000000000000,-1.000000000000000000
564.835984095427420471,272.497417436218483999,-1.000000000000000000,-1.000000000000000000
565.857466884413042862,273.101805728518002070,-1.000000000000000000,-1.000000000000000000
566.503208894513250016,273.904668291787857015,-1.000000000000000000,-1.000000000000000000
566.202218997520958510,273.762708316981957068,-1.000000000000000000,-1.000000000000000000
565.138149556400549045,272.729365203353609104,-1.000000000000000000,-1.000000000000000000
564.587432188065122318,272.065530868074688442,-1.000000000000000000,-1.000000000000000000
565.017250722543394659,272.270489452136985165,-1.000000000000000000,-1.000000000000000000
565.948360210182954688,273.173713690243630481,-1.000000000000000000,-1.000000000000000000
566.392101849337791464,273.786308731835902108,-1.000000000000000000,-1.000000000000000000
566.257513970699278616,273.742948016059244765,-1.000000000000000000,-1.000000000000000000
565.252359346642492710,272.727582617746520555,-1.000000000000000000,-1.000000000000000000
564.461761507792743942,272.218530418201339671,-1.000000000000000000,-1.000000000000000000
564.868920629181047843,272.395570529394831283,-1.000000000000000000,-1.000000000000000000
565.602554810654055473,272.959413050265425227,-1.000000000000000000,-1.000000000000000000
566.437704026115397937,273.757124284971382622,-1.000000000000000000,-1.000000000000000000
566.086594202898595540,273.708039860176313596,-1.000000000000000000,-1.000000000000000000
565.226686013119319796,272.613087292239242743,-1.000000000000000000,-1.000000000000000000
564.332640269993362381,271.975195856432719665,-1.000000000000000000,-1.000000000000000000
565.015755161173501619,272.462848820576823528,-1.000000000000000000,-1.000000000000000000
565.771400072542633097,273.200427049970016924,-1.000000000000000000,-1.000000000000000000
566.338466183574837487,273.653883355553830370,-1.000000000000000000,-1.000000000000000000
566.057472305231044629,273.521638897621301112,-1.000000000000000000,-1.000000000000000000
565.042360608254853105,272.706192978328544996,-1.000000000000000000,-1.000000000000000000
564.642367092815902652,272.268421600791498349,-1.000000000000000000,-1.000000000000000000
564.709005254575117760,272.225011008366323040,-1.000000000000000000,-1.000000000000000000
565.998460423836263544,273.035473719799256287,-1.000000000000000000,-1.000000000000000000
566.475430643698928179,273.682428031783274491,-1.000000000000000000,-1.000000000000000000
566.175487801200233662,273.383245607143749112,-1.000000000000000000,-1.000000000000000000
565.146025710664503094,272.652716078247976839,-1.000000000000000000,-1.000000000000000000
564.520991675714867597,272.210911925175423676,-1.000000000000000000,-1.000000000000000000
565.028672214182279276,272.277764751856238945,-1.000000000000000000,-1.000000000000000000
565.789131683138407425,273.012853470436994030,-1.000000000000000000,-1.000000000000000000
566.422609326800966301,273.806803677945367781,-1.000000000000000000,-1.000000000000000000
565.929835727707995829,273.586373362559356792,-1.000000000000000000,-1.000000000000000000
565.144405203899850676,272.521776459569196049,-1.000000000000000000,-1.000000000000000000
564.634082261279218073,272.110337272087008387,-1.000000000000000000,-1.000000000000000000
564.819919547530503223,272.076235171424855253,-1.000000000000000000,-1.000000000000000000
565.888222464558339198,273.042176976883297357,-1.000000000000000000,-1.000000000000000000
566.455286762707260095,273.756253908692883670,-1.000000000000000000,-1.000000000000000000
566.154863507051686611,273.543017081273433178,-1.000000000000000000,-1.000000000000000000
565.278251405768173754,272.764888888888890506,-1.000000000000000000,-1.000000000000000000
564.619677477803975307,272.053985649054197893,-1.000000000000000000,-1.000000000000000000
564.774235425535152899,272.286860607961557434,-1.000000000000000000,-1.000000000000000000
565.734658678286109534,273.202782111284477651,-1.000000000000000000,-1.000000000000000000
566.178943553501881070,273.718853766308484410,-1.000000000000000000,-1.000000000000000000
566.130126872193613963,273.364558020433264574,-1.000000000000000000,-1.000000000000000000
565.074271756830057711,272.666718819265156526,-1.000000000000000000,-1.000000000000000000
564.521245687307100525,271.850434014241955083,-1.000000000000000000,-1.000000000000000000
564.937114896701700673,272.209589255036689792,-1.000000000000000000,-1.000000000000000000
565.782420443879232153,272.931848378272775335,-1.000000000000000000,-1.000000000000000000
566.315868987188764550,273.537761435351740147,-1.000000000000000000,-1.000000000000000000
566.169172251403779228,273.566166119192871520,-1.000000000000000000,-1.000000000000000000
565.116672700941307994,272.557827376307159284,-1.000000000000000000,-1.000000000000000000
564.479850160111254809,272.105011063386655223,-1.000000000000000000,-1.000000000000000000
565.020282506338276107,271.999349923290992592,-1.000000000000000000,-1.000000000000000000
565.755674272606484010,272.723150171713996315,-1.000000000000000000,-1.000000000000000000
566.363669325598266369,273.471878529960349624,-1.000000000000000000,-1.000000000000000000
566.298353909465049583,273.409699172857017402,-1.000000000000000000,-1.000000000000000000
565.120086940771670925,272.604264659767977719,-1.000000000000000000,-1.000000000000000000
564.530978260869574115,271.848054145516016433,-1.000000000000000000,-1.000000000000000000
564.848868778280575498,272.202507559170044260,-1.000000000000000000,-1.000000000000000000
565.510056169595941356,272.838816648388956310,-1.000000000000000000,-1.000000000000000000
566.446101470233770669,273.377366384269407718,-1.000000000000000000,-1.000000000000000000
566.183221354639499623,273.270128507736671963,-1.000000000000000000,-1.000000000000000000
565.259961303585441783,272.959234323432383462,-1.000000000000000000,-1.000000000000000000
564.553286129266552962,271.872384273937882426,-1.000000000000000000,-1.000000000000000000
564.848041886084388352,272.130235636748693651,-1.000000000000000000,-1.000000000000000000
565.650800859902574302,272.514379709222112069,-1.000000000000000000,-1.000000000000000000
566.437055133309286248,273.440884212763648975,-1.000000000000000000,-1.000000000000000000
566.168566775244244127,272.930145975626146537,-1.000000000000000000,-1.000000000000000000
565.222857488580302743,272.729376633072092773,-1.000000000000000000,-1.000000000000000000
564.367311125230685320,272.005422673216799012,-1.000000000000000000,-1.000000000000000000
564.755672695325529276,272.409750621441730800,-1.000000000000000000,-1.000000000000000000
565.648139739048815500,272.753430185633533256,-1.000000000000000000,-1.000000000000000000
566.548540762180437014,273.699253610254800151,-1.000000000000000000,-1.000000000000000000
566.147279096454667524,273.055406975173582396,-1.000000000000000000,-1.000000000000000000
565.003899165759889911,272.602598602843272602,-1.000000000000000000,-1.000000000000000000
564.635152726061846806,271.979948235935125922,-1.000000000000000000,-1.000000000000000000
564.846801956876220174,272.205375903943263438,-1.000000000000000000,-1.000000000000000000
565.581488203266758319,272.737843955384619221,-1.000000000000000000,-1.000000000000000000
566.498368087035373719,273.579595208591513256,-1.000000000000000000,-1.000000000000000000
566.166923332427472815,273.275199288948101639,-1.000000000000000000,-1.000000000000000000
565.059836808703494171,272.713435015870345524,-1.000000000000000000,-1.000000000000000000
564.377838328791995082,272.231555593001417037,-1.000000000000000000,-1.000000000000000000
564.840081094166066578,272.579588172585999928,-1.000000000000000000,-1.000000000000000000
565.906685993839460025,272.870376635092497963,-1.000000000000000000,-1.000000000000000000
566.447032874063324925,273.631175588925657394,-1.000000000000000000,-1.000000000000000000
566.051892773048393792,273.224675989085994843,-1.000000000000000000,-1.000000000000000000
565.239837767486960729,273.114689507494631471,-1.000000000000000000,-1.000000000000000000
564.391024478694475874,271.943500886372703462,-1.000000000000000000,-1.000000000000000000
564.825353645266659441,272.476067936181152618,-1.000000000000000000,-1.000000000000000000
565.959057971014544819,272.800311658875216381,-1.000000000000000000,-1.000000000000000000
566.425522911377129276,273.583035562361715165,-1.000000000000000000,-1.000000000000000000
565.949399631007509015,273.411013951382415144,-1.000000000000000000,-1.000000000000000000
565.153287322920505176,272.876931333502852794,-1.000000000000000000,-1.000000000000000000
564.529497186422190680,272.034850898521540330,-1.000000000000000000,-1.000000000000000000
564.940745431518053010,272.220229197807611854,-1.000000000000000000,-1.000000000000000000
565.568190061661198342,272.686054196959730689,-1.000000000000000000,-1.000000000000000000
566.411005291005267281,273.299750839562307192,-1.000000000000000000,-1.000000000000000000
566.165002722817234826,273.099892212341728737,-1.000000000000000000,-1.000000000000000000
565.094555353902023853,272.495490432222709387,-1.000000000000000000,-1.000000000000000000
564.528366866050419048,272.021794667092422060,-1.000000000000000000,-1.000000000000000000
564.891913892908860362,271.997698047309086178,-1.000000000000000000,-1.000000000000000000
565.558690130624086123,272.811127029608428529,-1.000000000000000000,-1.000000000000000000
566.505194687867060566,273.375898330162726779,-1.000000000000000000,-1.000000000000000000
565.971105072463842589,273.171730830416777280,-1.000000000000000000,-1.000000000000000000
565.342687615414888569,272.778482015528425109,-1.000000000000000000,-1.000000000000000000
564.544877606527620628,271.985256816740616159,-1.000000000000000000,-1.000000000000000000
564.839108611514348013,272.049175126903492128,-1.000000000000000000,-1.000000000000000000
565.566020648433323004,272.663062636466520416,-1.000000000000000000,-1.000000000000000000
566.338987150415732685,273.288561158684842667,-1.000000000000000000,-1.000000000000000000
566.126241521317865590,273.309357467979225476,-1.000000000000000000,-1.000000000000000000
565.146791209455614080,272.850476641912905507,-1.000000000000000000,-1.000000000000000000
564.258639406549718842,271.844210914454265549,-1.000000000000000000,-1.000000000000000000
564.691059863204372959,272.012709188506505598,-1.000000000000000000,-1.000000000000000000
565.620617620345115029,272.765150318538417196,-1.000000000000000000,-1.000000000000000000
566.346781504986438449,273.531328914141454334,-1.000000000000000000,-1.000000000000000000
566.109699279966093854,273.418245946515071410,-1.000000000000000000,-1.000000000000000000
564.966945150744663806,272.611776526268499765,-1.000000000000000000,-1.000000000000000000
564.548909261444464391,271.878135352579306527,-1.000000000000000000,-1.000000000000000000
564.964712269272467893,272.182919761867196939,-1.000000000000000000,-1.000000000000000000
565.538587252587603871,272.878239093185698039,-1.000000000000000000,-1.000000000000000000
566.383423913043543507,273.506359910088576726,-1.000000000000000000,-1.000000000000000000
566.208503432217412410,273.329716171617178588,-1.000000000000000000,-1.000000000000000000
565.261684782608654132,272.640962840062115902,-1.000000000000000000,-1.000000000000000000
564.539462141150124808,272.186482773198122231,-1.000000000000000000,-1.000000000000000000
564.812941816204443057,272.093263286370074638,-1.000000000000000000,-1.000000000000000000
565.703888485728157320,272.693122945430673099,-1.000000000000000000,-1.000000000000000000
566.580292854117487877,273.398164944659129105,-1.000000000000000000,-1.000000000000000000
566.044161744661550983,273.114349065568603692,-1.000000000000000000,-1.000000000000000000
565.145772859216322104,272.686792352769657555,-1.000000000000000000,-1.000000000000000000
564.502085978596028326,272.000106072659718848,-1.000000000000000000,-1.000000000000000000
564.829107045825026034,272.155656012900863061,-1.000000000000000000,-1.000000000000000000
565.448060606060607824,272.770848248614584008,-1.000000000000000000,-1.000000000000000000
566.420780867832263539,273.384947775833779815,-1.000000000000000000,-1.000000000000000000
566.175971240408443919,273.206823647559417623,-1.000000000000000000,-1.000000000000000000
565.508595425843623161,272.713172107377545217,-1.000000000000000000,-1.000000000000000000
564.523377761658593954,271.951769338513145158,-1.000000000000000000,-1.000000000000000000
564.964544138929113615,272.184627575277318101,-1.000000000000000000,-1.000000000000000000
565.669322709163338914,272.477032825291530571,-1.000000000000000000,-1.000000000000000000
566.268070557623104833,273.195548153435424865,-1.000000000000000000,-1.000000000000000000
566.117577842143418820,273.343368549262550005,-1.000000000000000000,-1.000000000000000000
565.324865420673859262,272.811743148502273471,-1.000000000000000000,-1.000000000000000000
564.350785024154561142,271.980776932318804029,-1.000000000000000000,-1.000000000000000000
564.830311820159522540,272.152942739471200184,-1.000000000000000000,-1.000000000000000000
565.479601087942000959,272.850699679919557639,-1.000000000000000000,-1.000000000000000000
566.248929110105564178,273.290435838547068670,-1.000000000000000000,-1.000000000000000000
566.094779845665016182,273.354340291557491582,-1.000000000000000000,-1.000000000000000000
565.354880628588716718,272.587526709401686276,-1.000000000000000000,-1.000000000000000000
564.552249637155227902,272.044396620436828016,-1.000000000000000000,-1.000000000000000000
564.916500633943087450,272.136871508379840634,-1.000000000000000000,-1.000000000000000000
565.591683275955801946,272.826510876188990551,-1.000000000000000000,-1.000000000000000000
566.419349962207093085,273.392764240590281588,-1.000000000000000000,-1.000000000000000000
566.212923504699801924,273.245831676607053851,-1.000000000000000000,-1.000000000000000000
565.154052992537572209,272.846053333333316004,-1.000000000000000000,-1.000000000000000000
564.397223737649255781,272.052883847259977301,-1.000000000000000000,-1.000000000000000000
564.781472755829440757,272.084556477345245185,-1.000000000000000000,-1.000000000000000000
565.719694222866792188,272.654503146649744849,-1.000000000000000000,-1.000000000000000000
566.349590547849970790,273.464471726190481604,-1.000000000000000000,-1.000000000000000000
566.220169639892560554,273.400537205467799140,-1.000000000000000000,-1.000000000000000000
565.364289813053119360,272.835673303191356354,-1.000000000000000000,-1.000000000000000000
564.475780116110286144,272.122284048754636387,-1.000000000000000000,-1.000000000000000000
564.790779177618674112,271.981594929323478027,-1.000000000000000000,-1.000000000000000000
565.698292853027624005,272.532129944844655256,-1.000000000000000000,-1.000000000000000000
566.475296890581148546,273.368600682593864803,-1.000000000000000000,-1.000000000000000000
566.213750377757605747,273.191021967526239678,-1.000000000000000000,-1.000000000000000000
565.237353145480369676,272.512726791153454542,-1.000000000000000000,-1.000000000000000000
564.543391430646352092,272.018486055776861576,-1.000000000000000000,-1.000000000000000000
564.716265698290271757,271.916349206349195811,-1.000000000000000000,-1.000000000000000000
565.443024590659206297,272.570984974079692620,-1.000000000000000000,-1.000000000000000000
566.526237922705377059,273.368009922677060786,-1.000000000000000000,-1.000000000000000000
566.201209372638004425,273.202365796732465242,-1.000000000000000000,-1.000000000000000000
565.046345002720840967,272.678285320176200912,-1.000000000000000000,-1.000000000000000000
564.488562091503240481,271.984235668789779083,-1.000000000000000000,-1.000000000000000000
564.957334539424095965,271.997776012708527560,-1.000000000000000000,-1.000000000000000000
565.620167711076874184,272.671269110723187623,-1.000000000000000000,-1.000000000000000000
566.269918994075624141,273.307549324198703289,-1.000000000000000000,-1.000000000000000000
566.278084714548867851,273.314620162446203722,-1.000000000000000000,-1.000000000000000000
565.233133841131689223,272.944148442677260391,-1.000000000000000000,-1.000000000000000000
564.540144441422626187,271.899865111481403801,-1.000000000000000000,-1.000000000000000000
564.605544482696132036,272.040741915028547737,-1.000000000000000000,-1.000000000000000000
565.631612318840552689,272.711966690383974310,-1.000000000000000000,-1.000000000000000000
566.355642093823576033,273.351922365011432703,-1.000000000000000000,-1.000000000000000000
566.413704742094068934,273.346311421246014106,-1.000000000000000000,-1.000000000000000000
565.487674460757716588,272.510652375281210880,-1.000000000000000000,-1.000000000000000000
564.439769051721555115,272.148447829076076232,-1.000000000000000000,-1.000000000000000000
564.569260935143347524,271.910884786759993403,-1.000000000000000000,-1.000000000000000000
565.557868066238370375,272.525401456017220880,-1.000000000000000000,-1.000000000000000000
566.208273034249941702,273.414165412739862404,-1.000000000000000000,-1.000000000000000000
566.243075064189724799,273.370654639447138834,-1.000000000000000000,-1.000000000000000000
565.262803681907371356,272.495177698507063724,-1.000000000000000000,-1.000000000000000000
564.493288590604038291,271.925399457737739795,-1.000000000000000000,-1.000000000000000000
564.899474732838257296,272.016118836915325119,-1.000000000000000000,-1.000000000000000000
565.333574944882343516,272.682890273724069630,-1.000000000000000000,-1.000000000000000000
566.194117291779889456,273.192563291139208559,-1.000000000000000000,-1.000000000000000000
566.199331043211032011,273.268745712627264766,-1.000000000000000000,-1.000000000000000000
565.284209891071441234,272.712625420273752752,-1.000000000000000000,-1.000000000000000000
564.423626855294514826,272.146510276324875122,-1.000000000000000000,-1.000000000000000000
564.744079403867658584,271.898472880463373258,-1.000000000000000000,-1.000000000000000000
565.693880019351695410,272.554194330277141489,-1.000000000000000000,-1.000000000000000000
566.220880617339958008,273.268227107385769159,-1.000000000000000000,-1.000000000000000000
566.282794432871469326,273.506374218069481685,-1.000000000000000000,-1.000000000000000000
565.186876925865476551,272.654940040326891904,-1.000000000000000000,-1.000000000000000000
564.612935413642958338,271.974495049504980670,-1.000000000000000000,-1.000000000000000000
564.793751319400485045,271.626333016576950286,-1.000000000000000000,-1.000000000000000000
565.582970225127155572,272.732234374174481673,-1.000000000000000000,-1.000000000000000000
566.374566090132475438,273.308828971715570333,-1.000000000000000000,-1.000000000000000000
566.321021266297634611,273.433781645569638385,-1.000000000000000000,-1.000000000000000000
565.307189542483683908,272.580337820005297544,-1.000000000000000000,-1.000000000000000000
564.629925549300878629,272.197760701365268687,-1.000000000000000000,-1.000000000000000000
564.711854672953677436,272.052943197737477021,-1.000000000000000000,-1.000000000000000000
565.740649963689179458,272.736100173255636037,-1.000000000000000000,-1.000000000000000000
566.434647334239571137,273.571676940097972874,-1.000000000000000000,-1.000000000000000000
566.275276997856508387,273.366216931216968078,-1.000000000000000000,-1.000000000000000000
565.250400459394995778,272.901981037131236008,-1.000000000000000000,-1.000000000000000000
564.672022512708736031,272.120800362347836199,-1.000000000000000000,-1.000000000000000000
564.836172526277664474,272.015240983083344872,-1.000000000000000000,-1.000000000000000000
565.726147233321171370,272.875779875219905080,-1.000000000000000000,-1.000000000000000000
566.366361466171156280,273.064180680802678580,-1.000000000000000000,-1.000000000000000000
566.192507396003179565,273.215266750243813476,-1.000000000000000000,-1.000000000000000000
565.238306744017336314,272.469579455360189968,-1.000000000000000000,-1.000000000000000000
564.445675872093033831,271.813187129453808666,-1.000000000000000000,-1.000000000000000000
564.637595846163094393,271.765341488277272219,-1.000000000000000000,-1.000000000000000000
565.464328863114587875,272.616744077352223030,-1.000000000000000000,-1.000000000000000000
566.288979345695793199,273.345810429572793510,-1.000000000000000000,-1.000000000000000000
566.356585631349844334,273.515450418994419124,-1.000000000000000000,-1.000000000000000000
565.511662425784606967,272.665088826554438128,-1.000000000000000000,-1.000000000000000000
564.331455910852696434,271.754382894314630903,-1.000000000000000000,-1.000000000000000000
564.692937904347331823,271.854655387924822207,-1.000000000000000000,-1.000000000000000000
565.612392541469944263,272.725160953541035269,-1.000000000000000000,-1.000000000000000000
566.156237737329774973,273.328220324211315528,-1.000000000000000000,-1.000000000000000000
566.316957688711909213,273.479648634545128516,-1.000000000000000000,-1.000000000000000000
565.413775402361352462,272.615177814792104982,-1.000000000000000000,-1.000000000000000000
564.582743603701715074,271.647852294007520868,-1.000000000000000000,-1.000000000000000000
564.554740116577590925,271.925428980677565960,-1.000000000000000000,-1.000000000000000000
565.507013725134584092,272.200087298123094115,-1.000000000000000000,-1.000000000000000000
566.171467514766050044,273.045669705469890687,-1.000000000000000000,-1.000000000000000000
566.148967017035147364,273.349620646219591436,-1.000000000000000000,-1.000000000000000000
565.353622399612959271,272.624255169996558834,-1.000000000000000000,-1.000000000000000000
564.525494465614201545,271.797626337736573987,-1.000000000000000000,-1.000000000000000000
564.676314913952182906,271.919583589203739393,-1.000000000000000000,-1.000000000000000000
565.363581312259611877,272.384549760244794925,-1.000000000000000000,-1.000000000000000000
566.177204457364382506,273.285843787466774302,-1.000000000000000000,-1.000000000000000000
566.250574295732121755,273.463091169339577391,-1.000000000000000000,-1.000000000000000000
565.428545520493344156,272.753201192773190087,-1.000000000000000000,-1.000000000000000000
564.541145550117789753,271.558135459563686709,-1.000000000000000000,-1.000000000000000000
564.861850443599450955,271.991758723478824322,-1.000000000000000000,-1.000000000000000000
565.509057312492359415,272.332140571362060655,-1.000000000000000000,-1.000000000000000000
566.432026084593758242,273.153510293777458173,-1.000000000000000000,-1.000000000000000000
566.111222202023895989,273.419629079686728801,-1.000000000000000000,-1.000000000000000000
565.581022517198562127,272.754453370590226768,-1.000000000000000000,-1.000000000000000000
564.498548884454976360,271.887371716820325673,-1.000000000000000000,-1.000000000000000000
564.670203119332654751,271.924822076978898622,-1.000000000000000000,-1.000000000000000000
565.431157117346174346,272.349869678540358109,-1.000000000000000000,-1.000000000000000000
566.286873089379241719,273.426730379380273916,-1.000000000000000000,-1.000000000000000000
566.077449296326449257,273.334460045068453837,-1.000000000000000000,-1.000000000000000000
565.491008174386934115,272.791830093843486793,-1.000000000000000000,-1.000000000000000000
564.578289235230158738,272.043942958380512209,-1.000000000000000000,-1.000000000000000000
564.805288606829890341,272.004694019471457977,-1.000000000000000000,-1.000000000000000000
565.557399347116415811,272.399251259899187971,-1.000000000000000000,-1.000000000000000000
566.430664857530473455,273.353317208016619588,-1.000000000000000000,-1.000000000000000000
566.140737396538725079,273.266296489097157973,-1.000000000000000000,-1.000000000000000000
565.519472247497787976,272.878552077929612096,-1.000000000000000000,-1.000000000000000000
564.534337294747274427,272.125136990252030955,-1.000000000000000000,-1.000000000000000000
564.720078680587107556,272.112915299130577296,-1.000000000000000000,-1.000000000000000000
565.482006113986471973,272.446705592764374160,-1.000000000000000000,-1.000000000000000000
566.282491521317865590,273.130349803109993445,-1.000000000000000000,-1.000000000000000000
566.158894645941245471,273.255561318580021180,-1.000000000000000000,-1.000000000000000000
565.529945553539050707,272.899767100836697864,-1.000000000000000000,-1.000000000000000000
564.515159767610725794,272.250310325914369969,-1.000000000000000000,-1.000000000000000000
564.832064987618537089,272.029683908045967655,-1.000000000000000000,-1.000000000000000000
565.329583938074506477,272.426314138216298488,-1.000000000000000000,-1.000000000000000000
566.323984145714234728,273.149872795357737232,-1.000000000000000000,-1.000000000000000000
566.212596758587324075,273.287257760246916405,-1.000000000000000000,-1.000000000000000000
565.615098110465169157,272.993635709143291024,-1.000000000000000000,-1.000000000000000000
564.722499470707475666,272.189827194571421387,-1.000000000000000000,-1.000000000000000000
564.672811478387188799,272.136550337498192675,-1.000000000000000000,-1.000000000000000000
565.338558656517989220,272.380568652664692308,-1.000000000000000000,-1.000000000000000000
566.322307808488176306,273.436514071402029913,-1.000000000000000000,-1.000000000000000000
566.226441375968988723,273.435409854872887081,-1.000000000000000000,-1.000000000000000000
565.601656239610747434,273.075872142979847013,-1.000000000000000000,-1.000000000000000000
564.616175359032467895,272.396341288303005967,-1.000000000000000000,-1.000000000000000000
564.860738862730840992,272.112323822619487146,-1.000000000000000000,-1.000000000000000000
565.282100051323823209,272.417102966841184752,-1.000000000000000000,-1.000000000000000000
566.199909584086753966,272.954944178628352347,-1.000000000000000000,-1.000000000000000000
566.430141619107985207,273.324284205418052807,-1.000000000000000000,-1.000000000000000000
565.569911022335190864,272.887907880450256926,-1.000000000000000000,-1.000000000000000000
564.711753336957144711,272.269883441892375231,-1.000000000000000000,-1.000000000000000000
564.835778985507204197,272.258564576909861898,-1.000000000000000000,-1.000000000000000000
565.455317733841184236,272.587065102605833999,-1.000000000000000000,-1.000000000000000000
566.219311761684593876,273.017922374429190313,-1.000000000000000000,-1.000000000000000000
566.091600289645157318,273.386734168525890709,-1.000000000000000000,-1.000000000000000000
565.368824505809584480,272.856762101281105970,-1.000000000000000000,-1.000000000000000000
564.515599045634417052,272.090092417197638497,-1.000000000000000000,-1.000000000000000000
564.642492832352445475,272.104449407318270460,-1.000000000000000000,-1.000000000000000000
565.405031902990685921,272.529998856096995041,-1.000000000000000000,-1.000000000000000000
566.427938116348514086,273.478587120887937090,-1.000000000000000000,-1.000000000000000000
566.244410200628408347,273.580429184549302590,-1.000000000000000000,-1.000000000000000000
565.401941219158175045,272.895517676767667581,-1.000000000000000000,-1.000000000000000000
564.498274296094450619,272.322473423307201301,-1.000000000000000000,-1.000000000000000000
564.674121695038024882,272.126432838807431835,-1.000000000000000000,-1.000000000000000000
565.534976440739455938,272.683783321941177746,-1.000000000000000000,-1.000000000000000000
566.207819676093777161,273.257871321012999033,-1.000000000000000000,-1.000000000000000000
566.072320782041970233,273.289728930227283854,-1.000000000000000000,-1.000000000000000000
565.516280478570365631,272.996393301846296708,-1.000000000000000000,-1.000000000000000000
564.727352443154359207,272.357729138166860139,-1.000000000000000000,-1.000000000000000000
564.605244871446302568,272.034341524889782704,-1.000000000000000000,-1.000000000000000000
565.457494407158833383,272.677236887212870897,-1.000000000000000000,-1.000000000000000000
566.111342949590266471,273.210512798561808268,-1.000000000000000000,-1.000000000000000000
566.306705310509300944,273.778962937679580136,-1.000000000000000000,-1.000000000000000000
565.582493111696521737,273.140737564322421349,-1.000000000000000000,-1.000000000000000000
564.768347720733004280,272.222107880970725091,-1.000000000000000000,-1.000000000000000000
564.643299218065976675,272.182014921123027307,-1.000000000000000000,-1.000000000000000000
565.320214020132425503,272.622436773752610861,-1.000000000000000000,-1.000000000000000000
566.210177057883129237,273.396141843971690832,-1.000000000000000000,-1.000000000000000000
566.452210868975498670,273.712440613353805929,-1.000000000000000000,-1.000000000000000000
565.694900892721989294,273.067342649397915011,-1.000000000000000000,-1.000000000000000000
564.610170003321627519,272.368842679393196704,-1.000000000000000000,-1.000000000000000000
564.612151929284664220,272.224294025826566212,-1.000000000000000000,-1.000000000000000000
565.578861493836143381,272.626253186066264789,-1.000000000000000000,-1.000000000000000000
566.139513108614210068,273.259252975938011332,-1.000000000000000000,-1.000000000000000000
566.296326505951356012,273.615267175572512315,-1.000000000000000000,-1.000000000000000000
565.587721683434551778,273.140860768175571138,-1.000000000000000000,-1.000000000000000000
564.627523991160387595,272.210740393093828970,-1.000000000000000000,-1.000000000000000000
564.612809842590877452,272.188878454139285168,-1.000000000000000000,-1.000000000000000000
565.498459586806802690,272.582852781546762344,-1.000000000000000000,-1.000000000000000000
566.349862258953180572,273.426178958386344675,-1.000000000000000000,-1.000000000000000000
566.407420825408280507,273.618065574697993725,-1.000000000000000000,-1.000000000000000000
565.603768432550509715,273.166865756541483279,-1.000000000000000000,-1.000000000000000000
564.500802957306859753,272.441567689196517676,-1.000000000000000000,-1.000000000000000000
564.621374184191381573,272.013425099838514143,-1.000000000000000000,-1.000000000000000000
565.162350597609588476,272.721350167775653972,-1.000000000000000000,-1.000000000000000000
566.383196165325102811,273.290956379159297285,-1.000000000000000000,-1.000000000000000000
566.324265505984840274,273.757624579552839350,-1.000000000000000000,-1.000000000000000000
565.475036310820655672,272.924184559676405115,-1.000000000000000000,-1.000000000000000000
564.569565217391300394,272.281750418048318352,-1.000000000000000000,-1.000000000000000000
564.442481350608545654,272.047610960144993442,-1.000000000000000000,-1.000000000000000000
565.144872490504667439,272.474420190995942903,-1.000000000000000000,-1.000000000000000000
566.275901614606937073,273.461855903219429820,-1.000000000000000000,-1.000000000000000000
566.285016286644918182,273.748359608010218835,-1.000000000000000000,-1.000000000000000000
565.651585214736883245,273.344957293964625933,-1.000000000000000000,-1.000000000000000000
564.667119319210542017,272.340366039654327324,-1.000000000000000000,-1.000000000000000000
564.658353737795096094,272.148317395842127553,-1.000000000000000000,-1.000000000000000000
565.355138775633463410,272.645999209441470157,-1.000000000000000000,-1.000000000000000000
566.036108597285078758,273.085245164192542688,-1.000000000000000000,-1.000000000000000000
566.227478292330033582,273.770546304905224133,-1.000000000000000000,-1.000000000000000000
565.620093147039256110,273.152996667231491301,-1.000000000000000000,-1.000000000000000000
564.527053622793459908,272.218354609929065191,-1.000000000000000000,-1.000000000000000000
564.387726765069828616,271.825835530232211568,-1.000000000000000000,-1.000000000000000000
565.161990950226254427,272.522410386677961469,-1.000000000000000000,-1.000000000000000000
566.207206392281023000,273.278901815320637070,-1.000000000000000000,-1.000000000000000000
566.262226249811192247,273.688866265094361552,-1.000000000000000000,-1.000000000000000000
565.498186105568720450,272.777277617349000138,-1.000000000000000000,-1.000000000000000000
564.679549990927171166,272.275517730496403601,-1.000000000000000000,-1.000000000000000000
564.587792490477113461,272.024592944369032921,-1.000000000000000000,-1.000000000000000000
565.405473314564233078,272.653037613928177052,-1.000000000000000000,-1.000000000000000000
566.138219484206047127,273.095994591853923339,-1.000000000000000000,-1.000000000000000000
566.214531306550838963,273.711278747810411005,-1.000000000000000000,-1.000000000000000000
565.428088293021687605,273.090186053117463416,-1.000000000000000000,-1.000000000000000000
564.723003417097515921,272.455343780883822546,-1.000000000000000000,-1.000000000000000000
564.626518035164053799,272.118720298710059069,-1.000000000000000000,-1.000000000000000000
565.461420032602745778,272.502028740490231939,-1.000000000000000000,-1.000000000000000000
566.016394927536225623,273.228214245400181426,-1.000000000000000000,-1.000000000000000000
566.248420543514384917,273.346430187825262692,-1.000000000000000000,-1.000000000000000000
565.517646348458811190,272.911173564980458650,-1.000000000000000000,-1.000000000000000000
564.628742514970099364,272.268865524843135972,-1.000000000000000000,-1.000000000000000000
564.445751160967347460,272.058135593220299597,-1.000000000000000000,-1.000000000000000000
565.131017010495838804,272.407532988612956615,-1.000000000000000000,-1.000000000000000000
566.321306620735526849,273.302272025163574654,-1.000000000000000000,-1.000000000000000000
566.423894365560272490,273.339349977507936273,-1.000000000000000000,-1.000000000000000000
565.646452743533927787,273.082521942821699668,-1.000000000000000000,-1.000000000000000000
564.744204345983916937,272.274754506607791882,-1.000000000000000000,-1.000000000000000000
564.433735668693543630,272.181163106137660179,-1.000000000000000000,-1.000000000000000000
565.401860408927518620,272.759781106315813304,-1.000000000000000000,-1.000000000000000000
566.233012936766954226,273.347515345161014011,-1.000000000000000000,-1.000000000000000000
566.540860020505419925,273.661099865047276580,-1.000000000000000000,-1.000000000000000000
565.649734395750328986,273.155888917139918703,-1.000000000000000000,-1.000000000000000000
564.619198790627365270,272.200627490884471626,-1.000000000000000000,-1.000000000000000000
564.658359011540142092,272.021992603258013332,-1.000000000000000000,-1.000000000000000000
565.384194124232180911,272.453774169908115255,-1.000000000000000000,-1.000000000000000000
566.044607310893979957,273.103624470086174369,-1.000000000000000000,-1.000000000000000000
566.414488559283654467,273.812155007322303391,-1.000000000000000000,-1.000000000000000000
565.551958650707319975,272.892382889755367614,-1.000000000000000000,-1.000000000000000000
564.729945959001270239,272.371271186440708334,-1.000000000000000000,-1.000000000000000000
564.589655276594498901,272.188488191203532551,-1.000000000000000000,-1.000000000000000000
565.455168251093937215,272.497806647545075975,-1.000000000000000000,-1.000000000000000000
566.159002786865357848,273.318679155064273800,-1.000000000000000000,-1.000000000000000000
566.473611111111040373,273.467302874194160722,-1.000000000000000000,-1.000000000000000000
565.579836512261636017,273.172018413397722725,-1.000000000000000000,-1.000000000000000000
564.551748103828572312,272.041737552455515470,-1.000000000000000000,-1.000000000000000000
564.445119555031624259,271.887110051378158460,-1.000000000000000000,-1.000000000000000000
565.275537877418173593,272.364594785059921378,-1.000000000000000000,-1.000000000000000000
565.985796996562385175,273.128361237950230134,-1.000000000000000000,-1.000000000000000000
566.388954136176153042,273.401224168912904133,-1.000000000000000000,-1.000000000000000000
565.608815426997239229,272.881981448588931016,-1.000000000000000000,-1.000000000000000000
564.559960087082799873,272.273401245048148667,-1.000000000000000000,-1.000000000000000000
564.647211884663079218,272.132157594257023447,-1.000000000000000000,-1.000000000000000000
565.217237629146211475,272.531850978410375319,-1.000000000000000000,-1.000000000000000000
566.283829877146899889,273.479967339583822650,-1.000000000000000000,-1.000000000000000000
566.433438485804344964,273.231842475386770275,-1.000000000000000000,-1.000000000000000000
565.599661651863925727,273.073009664711094047,-1.000000000000000000,-1.000000000000000000
564.609564402527212224,272.376440677966115800,-1.000000000000000000,-1.000000000000000000
564.482327351821595585,272.261013990935452966,-1.000000000000000000,-1.000000000000000000
565.250845104430709398,272.413291796469366091,-1.000000000000000000,-1.000000000000000000
566.292032726504203310,273.455888963812071779,-1.000000000000000000,-1.000000000000000000
566.289777697342628926,273.657662220721476842,-1.000000000000000000,-1.000000000000000000
565.593739593739655902,273.036839280164940647,-1.000000000000000000,-1.000000000000000000
564.687295825771343516,272.376211055560247587,-1.000000000000000000,-1.000000000000000000
564.816598762637681830,272.158873763422661796,-1.000000000000000000,-1.000000000000000000
565.254708140624529733,272.491951116729865134,-1.000000000000000000,-1.000000000000000000
566.151504146238153226,273.249522525558973030,-1.000000000000000000,-1.000000000000000000
566.045100525267116609,273.243143549022875050,-1.000000000000000000,-1.000000000000000000
565.643515580137204779,273.188863488838137528,-1.000000000000000000,-1.000000000000000000
564.656874301085053958,272.218376248768777259,-1.000000000000000000,-1.000000000000000000
564.687507540113415416,272.091752403440750641,-1.000000000000000000,-1.000000000000000000
565.255660206484321861,272.323474890461739051,-1.000000000000000000,-1.000000000000000000
566.264488808227497429,273.397386172006690686,-1.000000000000000000,-1.000000000000000000
566.242512340631719781,273.333136957863416683,-1.000000000000000000,-1.000000000000000000
565.548683015440474264,273.223688291183862020,-1.000000000000000000,-1.000000000000000000
564.775865192969718009,272.175548944609772661,-1.000000000000000000,-1.000000000000000000
564.573667995650566809,272.364058803649868423,-1.000000000000000000,-1.000000000000000000
565.120699022093504027,272.358790637556580805,-1.000000000000000000,-1.000000000000000000
565.954948434955667835,273.090945004091508963,-1.000000000000000000,-1.000000000000000000
566.289160259309483081,273.358051801801821057,-1.000000000000000000,-1.000000000000000000
565.717648836506441512,273.326558839303402237,-1.000000000000000000,-1.000000000000000000
564.649792857358875153,272.199887101326567063,-1.000000000000000000,-1.000000000000000000
564.575598259608341323,272.141947660497521611,-1.000000000000000000,-1.000000000000000000
565.029061371841180517,272.390577507598777629,-1.000000000000000000,-1.000000000000000000
566.018219236123741211,273.010166358595142810,-1.000000000000000000,-1.000000000000000000
566.098781114841358431,273.267420598081457683,-1.000000000000000000,-1.000000000000000000
565.245284729778745714,273.124426040170192209,-1.000000000000000000,-1.000000000000000000
564.664730792498517076,272.292050869920785772,-1.000000000000000000,-1.000000000000000000
564.532015236713277773,272.092407845789693965,-1.000000000000000000,-1.000000000000000000
565.266061705989159236,272.450346225299767866,-1.000000000000000000,-1.000000000000000000
565.913503253796079662,273.094501718213109598,-1.000000000000000000,-1.000000000000000000
566.311925222373020006,273.534119843829557794,-1.000000000000000000,-1.000000000000000000
565.483580011501544504,273.194193348539897670,-1.000000000000000000,-1.000000000000000000
564.497651728630671641,272.263422203413711031,-1.000000000000000000,-1.000000000000000000
564.544713975380091142,272.178246798930672412,-1.000000000000000000,-1.000000000000000000
565.291349522773998615,272.342477280377011084,-1.000000000000000000,-1.000000000000000000
566.276654883833316489,273.344164772567864929,-1.000000000000000000,-1.000000000000000000
566.165471109900408919,273.453553756185328893,-1.000000000000000000,-1.000000000000000000
565.547472181906186961,272.841710091331833610,-1.000000000000000000,-1.000000000000000000
564.661741153718367059,272.199462821600263851,-1.000000000000000000,-1.000000000000000000
564.559510869565201574,272.090110696938836554,-1.000000000000000000,-1.000000000000000000
565.167979953506574020,272.372245266514255491,-1.000000000000000000,-1.000000000000000000
566.186921243929646153,273.315737778526113289,-1.000000000000000000,-1.000000000000000000
566.097898931353029184,273.410200179936964560,-1.000000000000000000,-1.000000000000000000
565.345555757245733730,272.861122836639879097,-1.000000000000000000,-1.000000000000000000
564.630945905107296312,272.168456356923456951,-1.000000000000000000,-1.000000000000000000
564.638768115941957149,272.150529458150231221,-1.000000000000000000,-1.000000000000000000
565.245426553160655203,272.253297336820537566,-1.000000000000000000,-1.000000000000000000
566.078647955334190556,273.218571869822881126,-1.000000000000000000,-1.000000000000000000
566.173560201526470337,273.447377298026594872,-1.000000000000000000,-1.000000000000000000
565.591813289799802078,273.184388790510752187,-1.000000000000000000,-1.000000000000000000
564.750574921326574440,272.541068108838999251,-1.000000000000000000,-1.000000000000000000
564.419423047877899080,271.868606998654058771,-1.000000000000000000,-1.000000000000000000
565.187646952432601211,272.417530552043785974,-1.000000000000000000,-1.000000000000000000
566.082820976491802867,273.088586317028102712,-1.000000000000000000,-1.000000000000000000
566.264616587008163151,273.420469214794820800,-1.000000000000000000,-1.000000000000000000
565.545709884932534806,273.113440405748065132,-1.000000000000000000,-1.000000000000000000
564.667119770427461845,272.359727364523678261,-1.000000000000000000,-1.000000000000000000
564.705468490503335488,271.989243688038868640,-1.000000000000000000,-1.000000000000000000
565.122830802603061784,272.583908626592574365,-1.000000000000000000,-1.000000000000000000
566.226631632992052801,273.340753808243789535,-1.000000000000000000,-1.000000000000000000
566.328589987612986079,273.492591966649797541,-1.000000000000000000,-1.000000000000000000
565.484257916364526864,273.008027716748301827,-1.000000000000000000,-1.000000000000000000
564.591875094740089480,272.408047437526420254,-1.000000000000000000,-1.000000000000000000
564.543453946374029329,272.069209993247795865,-1.000000000000000000,-1.000000000000000000
565.128325791855218085,272.540131005594503222,-1.000000000000000000,-1.000000000000000000
565.880547002354660435,273.084720121028794892,-1.000000000000000000,-1.000000000000000000
566.145129644722146622,273.562801525861118535,-1.000000000000000000,-1.000000000000000000
565.637842905967431761,272.888842140693327565,-1.000000000000000000,-1.000000000000000000
564.551686615886865184,272.427085095584516239,-1.000000000000000000,-1.000000000000000000
564.621714700018173971,272.142672292545739765,-1.000000000000000000,-1.000000000000000000
565.183266932270953475,272.288804819952360958,-1.000000000000000000,-1.000000000000000000
566.216224375811407299,273.225268545076232840,-1.000000000000000000,-1.000000000000000000
566.257335866582252493,273.423803914969994366,-1.000000000000000000,-1.000000000000000000
565.587300145348763181,273.207294044700006452,-1.000000000000000000,-1.000000000000000000
564.499062991174014314,272.178480798511259309,-1.000000000000000000,-1.000000000000000000
564.377443427293883360,271.937143663561982976,-1.000000000000000000,-1.000000000000000000
565.317571036023764464,272.568221941992419488,-1.000000000000000000,-1.000000000000000000
566.159701447435963928,273.192074198988166245,-1.000000000000000000,-1.000000000000000000
566.211106081183061178,273.515318057551894526,-1.000000000000000000,-1.000000000000000000
565.704194260485678569,273.107440350134083928,-1.000000000000000000,-1.000000000000000000
564.698005439709959319,272.379569255087972124,-1.000000000000000000,-1.000000000000000000
564.515415306492513992,271.904701754385996537,-1.000000000000000000,-1.000000000000000000
565.215505000151097192,272.483667814258069484,-1.000000000000000000,-1.000000000000000000
566.014505893019077121,273.076738408285223159,-1.000000000000000000,-1.000000000000000000
566.264717455128788970,273.604177179702901412,-1.000000000000000000,-1.000000000000000000
565.666424528587413079,272.974141074183194178,-1.000000000000000000,-1.000000000000000000
564.485255421468082204,272.214649663598265761,-1.000000000000000000,-1.000000000000000000
564.611111111111085847,271.989577187807299197,-1.000000000000000000,-1.000000000000000000
565.152075403298908896,272.651257096512608769,-1.000000000000000000,-1.000000000000000000
566.229143997098276486,273.260371117838303689,-1.000000000000000000,-1.000000000000000000
566.528690992292922601,273.691892802966435738,-1.000000000000000000,-1.000000000000000000
565.872143634385224686,273.065553963303273122,-1.000000000000000000,-1.000000000000000000
564.648180033227617969,272.288813940415934667,-1.000000000000000000,-1.000000000000000000
564.536744692433330783,272.151782711066289266,-1.000000000000000000,-1.000000000000000000
565.179811866859608926,272.640468601465045140,-1.000000000000000000,-1.000000000000000000
566.119884099963769586,273.268384822028224335,-1.000000000000000000,-1.000000000000000000
566.289179834461947394,273.499047138613263996,-1.000000000000000000,-1.000000000000000000
565.348814707305336924,273.071718882303116516,-1.000000000000000000,-1.000000000000000000
564.486947336653088314,272.233474696070061327,-1.000000000000000000,-1.000000000000000000
564.442342505430815436,272.116085254948302463,-1.000000000000000000,-1.000000000000000000
565.147642717276767144,272.354775501063727461,-1.000000000000000000,-1.000000000000000000
566.119431365447326243,273.205100182149408283,-1.000000000000000000,-1.000000000000000000
566.184926748225279880,273.544072266172975105,-1.000000000000000000,-1.000000000000000000
565.615081887809196814,273.014032121724426361,-1.000000000000000000,-1.000000000000000000
