1071.097209630301222205,698.583797790163316677,1485.000000000000000000,1485.000000000000000000
1071.235574111050482315,698.801380593361386673,1485.000000000000000000,1485.000000000000000000
1071.188792877716650764,698.734802939211704143,1485.000000000000000000,1485.000000000000000000
1071.188414548235869006,698.646940202631299144,1485.000000000000000000,1485.000000000000000000
1071.033464368511204157,698.404411405096084309,1485.000000000000000000,1485.000000000000000000
1070.968202152097546787,698.467081313156086253,1485.000000000000000000,1485.000000000000000000
1070.940350877192940970,698.451919942629956495,1485.000000000000000000,1485.000000000000000000
1071.029795721020263954,698.615902767608758950,1485.000000000000000000,1485.000000000000000000
1070.878692620803576574,698.421739768226530032,1485.000000000000000000,1485.000000000000000000
1071.018480492813068850,698.497145088087449949,1485.000000000000000000,1485.000000000000000000
1070.993033323265990475,698.490865908610317092,1485.000000000000000000,1485.000000000000000000
1070.997038559168231586,698.471848384370332496,1485.000000000000000000,1485.000000000000000000
1071.099774339136047274,698.679098527377732353,1485.000000000000000000,1485.000000000000000000
1071.222960992907701439,698.691528185076549562,1485.000000000000000000,1485.000000000000000000
1071.201821735888643161,698.879236703207425307,1485.000000000000000000,1485.000000000000000000
1071.203242221283744584,698.688576358368322872,1485.000000000000000000,1485.000000000000000000
1071.117980920178752058,698.558050785263503712,1485.000000000000000000,1485.000000000000000000
1071.038243768764232300,698.496319458015705095,1485.000000000000000000,1485.000000000000000000
1070.998205391889996463,698.628304745149762311,1485.000000000000000000,1485.000000000000000000
1070.940931076178912917,698.521618056573402100,1485.000000000000000000,1485.000000000000000000
1071.124638030888036155,698.626121067109352225,1485.000000000000000000,1485.000000000000000000
1071.037211360527862780,698.409198996709960738,1485.000000000000000000,1485.000000000000000000
1070.966719045892205031,698.431808193759479764,1485.000000000000000000,1485.000000000000000000
1070.987058538945348118,698.399312177073625207,1485.000000000000000000,1485.000000000000000000
1071.102299059017923355,698.576179276100901916,1485.000000000000000000,1485.000000000000000000
1071.085729273853530685,698.633478765298946200,1485.000000000000000000,1485.000000000000000000
1071.167119756740930825,698.737256053782402887,1485.000000000000000000,1485.000000000000000000
1070.994236891951914004,698.438653211848077262,1485.000000000000000000,1485.000000000000000000
1071.096862484654593572,698.570143209392654171,1485.000000000000000000,1485.000000000000000000
1070.848256001288973494,698.309821952651191168,1485.000000000000000000,1485.000000000000000000
1071.011661925226462699,698.455399291092930980,1485.000000000000000000,1485.000000000000000000
1070.981043226273868640,698.461808115058943258,1485.000000000000000000,1485.000000000000000000
1071.007435618425915891,698.511066464121768149,1485.000000000000000000,1485.000000000000000000
1071.214751327860994934,698.552732494574229349,1485.000000000000000000,1485.000000000000000000
1071.021662539510089118,698.342347648261807080,1485.000000000000000000,1485.000000000000000000
1070.969812308683685842,698.392346454631706365,1485.000000000000000000,1485.000000000000000000
1071.007863537382036156,698.470910942478894867,1485.000000000000000000,1485.000000000000000000
1071.146800249461875865,698.689305883898100547,1485.000000000000000000,1485.000000000000000000
1071.191508200020052755,698.495425872717078164,1485.000000000000000000,1485.000000000000000000
1071.225600804424402668,698.651461001356778979,1485.000000000000000000,1485.000000000000000000
1070.990442777643238514,698.544747146546683325,1485.000000000000000000,1485.000000000000000000
1070.963598984157670202,698.897619763982220320,1485.000000000000000000,1485.000000000000000000
1071.078221631312771933,698.909522372039987204,1485.000000000000000000,1485.000000000000000000
1071.240875030215192965,699.024619110079697748,1485.000000000000000000,1485.000000000000000000
1071.183673469387713340,699.149905799684347585,1485.000000000000000000,1485.000000000000000000
1071.067965655225179944,699.000204112874371276,1485.000000000000000000,1485.000000000000000000
1071.233767801110388973,699.058826538441849152,1485.000000000000000000,1485.000000000000000000
1071.061706756920102634,698.894952087611272873,1485.000000000000000000,1485.000000000000000000
1071.107487849637891486,698.889766761339160439,1485.000000000000000000,1485.000000000000000000
1071.067227568952603178,699.035510627267967720,1485.000000000000000000,1485.000000000000000000
1071.036309811503087985,698.972287133683039428,1485.000000000000000000,1485.000000000000000000
1071.128578623954808791,699.094279239538423099,1485.000000000000000000,1485.000000000000000000
1071.073646223942660072,698.958776987136161551,1485.000000000000000000,1485.000000000000000000
1070.989925193050112284,698.878098994827041679,1485.000000000000000000,1485.000000000000000000
1070.811365922349523316,698.931607043815915858,1485.000000000000000000,1485.000000000000000000
1070.952709518621759344,698.995551401222087406,1485.000000000000000000,1485.000000000000000000
1071.086471240052333087,699.079713150164138824,1485.000000000000000000,1485.000000000000000000
1071.042832115024339146,699.052211960845397698,1485.000000000000000000,1485.000000000000000000
1071.035648902568937046,698.915676815879123751,1485.000000000000000000,1485.000000000000000000
1071.046075877804014453,698.955663748899382881,1485.000000000000000000,1485.000000000000000000
1071.086221147061678494,699.178136813215246548,1485.000000000000000000,1485.000000000000000000
1071.032381643680992056,699.005648546406177957,1485.000000000000000000,1485.000000000000000000
1071.105042440371789780,699.205020559068429975,1485.000000000000000000,1485.000000000000000000
1071.098433868849042483,699.201667706816465397,1485.000000000000000000,1485.000000000000000000
1071.041256219657043403,699.072314335060468693,1485.000000000000000000,1485.000000000000000000
1070.867888022250554059,698.856267843239038484,1485.000000000000000000,1485.000000000000000000
1071.028334944417565566,699.091130579026525993,1485.000000000000000000,1485.000000000000000000
1071.043508050702257606,699.122554620684923066,1485.000000000000000000,1485.000000000000000000
1071.022560938728474866,699.019969915452065834,1485.000000000000000000,1485.000000000000000000
1071.066424682395791024,698.990351422259095671,1485.000000000000000000,1485.000000000000000000
1070.929490281474272706,698.883683248870966054,1485.000000000000000000,1485.000000000000000000
1070.945694696511509392,698.846976382039997588,1485.000000000000000000,1485.000000000000000000
1070.991577799321476050,698.950357186100063700,1485.000000000000000000,1485.000000000000000000
1071.156135780780005007,699.169567619837039274,1485.000000000000000000,1485.000000000000000000
1071.029290054300645352,699.094497710978657778,1485.000000000000000000,1485.000000000000000000
1071.199323508093812052,699.161268031441636595,1485.000000000000000000,1485.000000000000000000
1071.127011007620694727,699.050352623936987584,1485.000000000000000000,1485.000000000000000000
1070.987519909675484087,698.926981991306092823,1485.000000000000000000,1485.000000000000000000
1070.928928686673089032,698.986325052296706417,1485.000000000000000000,1485.000000000000000000
1071.145262436230950698,699.057026652821036805,1485.000000000000000000,1485.000000000000000000
1071.252240820190536397,699.170160998084611492,1485.000000000000000000,1485.000000000000000000
1071.030297528996470646,699.018604167749344924,1485.000000000000000000,1485.000000000000000000
1071.024449680784528027,698.930267960627588764,1485.000000000000000000,1485.000000000000000000
1070.889595189086776372,698.830427864826560835,1485.000000000000000000,1485.000000000000000000
1070.977902780297881691,698.905644059294672843,1485.000000000000000000,1485.000000000000000000
1071.055915410537409116,699.102318104029450296,1485.000000000000000000,1485.000000000000000000
1071.036371674302699830,699.041208220884414004,1485.000000000000000000,1485.000000000000000000
1071.163168476075497892,699.131195183974227803,1485.000000000000000000,1485.000000000000000000
1071.078452682848364930,698.948961414068094200,1485.000000000000000000,1485.000000000000000000
1070.906424271707919615,698.978554271000803055,1485.000000000000000000,1485.000000000000000000
1071.024194688478246462,698.923219225449543046,1485.000000000000000000,1485.000000000000000000
1071.311752627128953463,699.258130925195473537,1485.000000000000000000,1485.000000000000000000
1071.097716784555586855,699.037626603062676622,1485.000000000000000000,1485.000000000000000000
1071.098039215686185344,698.978081529805649552,1485.000000000000000000,1485.000000000000000000
1071.072266019810058424,698.849745507427087432,1485.000000000000000000,1485.000000000000000000
1071.008155684754456161,698.902534011839179584,1485.000000000000000000,1485.000000000000000000
1071.075480088942867951,699.063523282093797206,1485.000000000000000000,1485.000000000000000000
1071.080068624482919404,699.121254632997306544,1485.000000000000000000,1485.000000000000000000
1071.251632011605352091,699.167822875681622463,1485.000000000000000000,1485.000000000000000000
1071.086078040329539363,699.035521955260946925,1485.000000000000000000,1485.000000000000000000
1071.056956172094942303,698.935900758478965145,1485.000000000000000000,1485.000000000000000000
1070.928017919844933203,698.770616770616811664,1485.000000000000000000,1485.000000000000000000
1070.951145253649428923,698.957350710246828385,1485.000000000000000000,1485.000000000000000000
1071.134357857373288425,699.134565009974835448,1485.000000000000000000,1485.000000000000000000
1071.132064834390348551,699.112346898116811644,1485.000000000000000000,1485.000000000000000000
1071.168522328452127113,699.113852813852872714,1485.000000000000000000,1485.000000000000000000
1071.146073984477425256,699.090938947659537916,1485.000000000000000000,1485.000000000000000000
1071.052748630233963922,698.962899543378966882,1485.000000000000000000,1485.000000000000000000
1071.089828216152909590,699.096813217198928214,1485.000000000000000000,1485.000000000000000000
1071.166737318072591734,699.171294377676531440,1485.000000000000000000,1485.000000000000000000
1071.202188440029885896,699.340841853947154050,1485.000000000000000000,1485.000000000000000000
1071.030849989905163966,699.056841229393057802,1485.000000000000000000,1485.000000000000000000
1071.133595245290507592,699.077378787091447521,1485.000000000000000000,1485.000000000000000000
1070.895883777239760093,698.824466611249704329,1485.000000000000000000,1485.000000000000000000
1071.168873304717635619,699.166857162648966550,1485.000000000000000000,1485.000000000000000000
1071.087097619479663990,699.080357142857110375,1485.000000000000000000,1485.000000000000000000
1071.060869915749663051,699.015868060974980835,1485.000000000000000000,1485.000000000000000000
1071.250151240169316225,699.235115032001431246,1485.000000000000000000,1485.000000000000000000
1071.030152679453749442,698.875112729795318955,1485.000000000000000000,1485.000000000000000000
1071.046329323096188091,698.866150729756441251,1485.000000000000000000,1485.000000000000000000
1071.150119991126757668,699.176085261242519664,1485.000000000000000000,1485.000000000000000000
1071.172452655517190578,699.236052690796441311,1485.000000000000000000,1485.000000000000000000
1071.133909330755386691,699.065845546200989702,1485.000000000000000000,1485.000000000000000000
1071.191291762151649891,699.193497540358862352,1485.000000000000000000,1485.000000000000000000
1071.009689805600828549,698.931211712179447204,1485.000000000000000000,1485.000000000000000000
1071.070952006611378238,699.019846007440037283,1485.000000000000000000,1485.000000000000000000
1071.015208434318992659,698.997960312521627202,1485.000000000000000000,1485.000000000000000000
1071.043642382769121468,699.049654957712846226,1485.000000000000000000,1485.000000000000000000
1071.053044513019131045,699.042281832674916586,1485.000000000000000000,1485.000000000000000000
1071.077258944815184805,698.973570798068408294,1485.000000000000000000,1485.000000000000000000
1070.971608896416910284,698.960107621462157113,1485.000000000000000000,1485.000000000000000000
1070.794586308443285816,698.860861899082124182,1485.000000000000000000,1485.000000000000000000
1071.142549292087096546,699.140557661353113872,1485.000000000000000000,1485.000000000000000000
1071.185310529602702445,699.216151238411498525,1485.000000000000000000,1485.000000000000000000
1071.239957226156548131,699.138159033475290016,1485.000000000000000000,1485.000000000000000000
1071.246170259878908837,699.199006267096024203,1485.000000000000000000,1485.000000000000000000
1071.116084534797209926,698.981818810870663583,1485.000000000000000000,1485.000000000000000000
1070.993539427605355741,698.934236713220116144,1485.000000000000000000,1485.000000000000000000
1071.204157341881909815,699.215402441977062153,1485.000000000000000000,1485.000000000000000000
1071.179293387347115640,699.198685348555613928,1485.000000000000000000,1485.000000000000000000
1071.141511906922460184,699.126178101178084034,1485.000000000000000000,1485.000000000000000000
1071.117169396925191904,698.985928656731857700,1485.000000000000000000,1485.000000000000000000
1071.140857551406725179,699.106158987411959060,1485.000000000000000000,1485.000000000000000000
1070.948021299770061887,698.868328822263833899,1485.000000000000000000,1485.000000000000000000
1070.946644864341124048,698.941169354141834447,1485.000000000000000000,1485.000000000000000000
1071.110996896037477200,699.197457744527582690,1485.000000000000000000,1485.000000000000000000
1071.218085106383114180,699.190931283436384547,1485.000000000000000000,1485.000000000000000000
1071.159255679071975464,699.144206201229167164,1485.000000000000000000,1485.000000000000000000
1071.108493889794772258,699.204438222637008948,1485.000000000000000000,1485.000000000000000000
1070.993163117134599815,698.918289482770546783,1485.000000000000000000,1485.000000000000000000
1071.021783334339943394,699.051979559180267643,1485.000000000000000000,1485.000000000000000000
1071.223243624634505977,699.357926186898794185,1485.000000000000000000,1485.000000000000000000
1071.299383274071260530,699.382979821437743340,1485.000000000000000000,1485.000000000000000000
1071.071766958975786110,699.004500077587522355,1485.000000000000000000,1485.000000000000000000
1071.085351369849377079,698.935354996469868638,1485.000000000000000000,1485.000000000000000000
1071.144186608653626536,699.043697189170529782,1485.000000000000000000,1485.000000000000000000
1070.953725015142481425,698.799810557134264855,1485.000000000000000000,1485.000000000000000000
1071.168789680132704234,699.139134024874806528,1485.000000000000000000,1485.000000000000000000
1071.044303414928890561,698.860996987126782187,1485.000000000000000000,1485.000000000000000000
1071.022106684400341692,698.840023986978508219,1485.000000000000000000,1485.000000000000000000
1071.149637309863919654,698.923607907461473587,1485.000000000000000000,1485.000000000000000000
1070.933014932591731849,698.706154502774211323,1485.000000000000000000,1485.000000000000000000
1071.151749250608645525,698.831615295638584939,1485.000000000000000000,1485.000000000000000000
1071.123152013876278943,698.873209278613330753,1485.000000000000000000,1485.000000000000000000
1071.304751567776293086,699.105779364269892540,1485.000000000000000000,1485.000000000000000000
1071.158901629450838300,698.939326147379802023,1485.000000000000000000,1485.000000000000000000
1071.053828352953132708,698.846559232711456389,1485.000000000000000000,1485.000000000000000000
1071.006854409133893569,698.862494505866038708,1485.000000000000000000,1485.000000000000000000
1071.129395643149337047,699.061849222447563079,1485.000000000000000000,1485.000000000000000000
1071.160456427345252450,698.928270256540486116,1485.000000000000000000,1485.000000000000000000
1071.268626977418080060,699.057091173437470388,1485.000000000000000000,1485.000000000000000000
1071.091088669851387749,698.860556625122399055,1485.000000000000000000,1485.000000000000000000
1071.050102743865636512,698.705695724429688198,1485.000000000000000000,1485.000000000000000000
1070.991492278537180027,698.740325096874812516,1485.000000000000000000,1485.000000000000000000
1071.057789603112269106,698.833719991930593096,1485.000000000000000000,1485.000000000000000000
1071.085357013410657601,698.689766155393499503,1485.000000000000000000,1485.000000000000000000
1071.090423494789547476,698.692577489133896051,1485.000000000000000000,1485.000000000000000000
1071.122881185328424181,698.746610495344157243,1485.000000000000000000,1485.000000000000000000
1071.104487838300883595,698.590103175398212443,1485.000000000000000000,1485.000000000000000000
1071.024787563932250123,698.492745674826778668,1485.000000000000000000,1485.000000000000000000
1071.101416853094633552,698.681555955715566597,1485.000000000000000000,1485.000000000000000000
1071.187955504411092988,698.714861041770632255,1485.000000000000000000,1485.000000000000000000
1071.290437620889861137,698.852058989979695980,1485.000000000000000000,1485.000000000000000000
1071.180234080699392507,698.735544048330325495,1485.000000000000000000,1485.000000000000000000
1071.148157104568326758,698.371365880416874461,1485.000000000000000000,1485.000000000000000000
1071.106019331275092554,698.527174183282795639,1485.000000000000000000,1485.000000000000000000
1071.064792941223913658,698.735292655030093556,1485.000000000000000000,1485.000000000000000000
1071.071767245727642148,698.645188062277952668,1485.000000000000000000,1485.000000000000000000
1071.017930700266560962,698.569915500439947209,1485.000000000000000000,1485.000000000000000000
1071.184448608676348158,698.602355432049762385,1485.000000000000000000,1485.000000000000000000
1070.940757292107036847,698.409354112897858613,1485.000000000000000000,1485.000000000000000000
1071.109518914887985375,698.473276375918885606,1485.000000000000000000,1485.000000000000000000
1070.923210219831162249,698.368955105677400752,1485.000000000000000000,1485.000000000000000000
1071.002755153343514394,698.437213368966354210,1485.000000000000000000,1485.000000000000000000
1071.134532214913633652,698.545998615095413697,1485.000000000000000000,1485.000000000000000000
1071.104798742898537967,698.587039682148770225,1485.000000000000000000,1485.000000000000000000
1071.224653405666003891,698.694962349150046066,1485.000000000000000000,1485.000000000000000000
1071.033559212649379333,698.417364051064964769,1485.000000000000000000,1485.000000000000000000
1071.120470740224845940,698.512578460930171786,1485.000000000000000000,1485.000000000000000000
1071.243766642459377181,698.601713626627088161,1485.000000000000000000,1485.000000000000000000
1071.171236054792188952,698.607870233277367333,1485.000000000000000000,1485.000000000000000000
1071.100909292526011996,698.499686654792526497,1485.000000000000000000,1485.000000000000000000
1071.098010820812987731,698.379461130015897652,1485.000000000000000000,1485.000000000000000000
1070.861272258480312303,698.275279879969048125,1485.000000000000000000,1485.000000000000000000
1071.114770278163859984,698.440748952944090888,1485.000000000000000000,1485.000000000000000000
1071.176672107691956626,698.652317391518522527,1485.000000000000000000,1485.000000000000000000
1071.203568483093022223,698.718225242527182672,1485.000000000000000000,1485.000000000000000000
1071.062710056551622984,698.570997968678284451,1485.000000000000000000,1485.000000000000000000
1071.255307184029334167,698.353536840727656454,1485.000000000000000000,1485.000000000000000000
1071.157274445919256323,698.469723720778119969,1485.000000000000000000,1485.000000000000000000
1071.040943453280988251,698.601777602859897343,1485.000000000000000000,1485.000000000000000000
1071.179890657467240089,698.783479287611953623,1485.000000000000000000,1485.000000000000000000
1071.110432908281381970,698.659586700834552175,1485.000000000000000000,1485.000000000000000000
1071.226019112132689770,698.505737503078080408,1485.000000000000000000,1485.000000000000000000
1070.986910308384267410,698.386612961325567994,1485.000000000000000000,1485.000000000000000000
1071.113938365846706802,698.409328547781797170,1485.000000000000000000,1485.000000000000000000
1070.958318187325858162,698.563819883384780951,1485.000000000000000000,1485.000000000000000000
1071.070810908870953426,698.584070072036638521,1485.000000000000000000,1485.000000000000000000
1071.051396963824345221,698.567218700345620164,1485.000000000000000000,1485.000000000000000000
1071.057768643333474756,698.145094562647727798,1485.000000000000000000,1485.000000000000000000
1071.101586917508484476,698.280527076761359240,1485.000000000000000000,1485.000000000000000000
1070.978167877320402113,698.284762888965474303,1485.000000000000000000,1485.000000000000000000
1071.055710194037601468,698.474070442101833578,1485.000000000000000000,1485.000000000000000000
1071.286923649232903699,698.687877448814219861,1485.000000000000000000,1485.000000000000000000
1071.123391812865520478,698.630463208133051012,1485.000000000000000000,1485.000000000000000000
1071.194870247435119381,698.555964895045349294,1485.000000000000000000,1485.000000000000000000
1071.009459976249445390,698.334890506163105783,1485.000000000000000000,1485.000000000000000000
1071.034079707083492394,698.385994205176075411,1485.000000000000000000,1485.000000000000000000
1071.018434480950418219,698.504985510093774792,1485.000000000000000000,1485.000000000000000000
1071.287952098705773096,698.717218423598524168,1485.000000000000000000,1485.000000000000000000
1071.237035693411598913,698.706841296314451029,1485.000000000000000000,1485.000000000000000000
1071.067903846541412349,698.570154373927948654,1485.000000000000000000,1485.000000000000000000
1071.063329312424684758,698.482236487479781317,1485.000000000000000000,1485.000000000000000000
1070.980936819172256946,698.409556926894538265,1485.000000000000000000,1485.000000000000000000
1071.150520077406781638,698.613716045741966809,1485.000000000000000000,1485.000000000000000000
1071.197539082198773031,698.750147289866504252,1485.000000000000000000,1485.000000000000000000
1071.010629714792912637,698.578549526948336279,1485.000000000000000000,1485.000000000000000000
1071.168993372413979159,698.556791817795669886,1485.000000000000000000,1485.000000000000000000
1071.018701005581988284,698.317841251145182468,1485.000000000000000000,1485.000000000000000000
1071.068164884512498247,698.492779193622141065,1485.000000000000000000,1485.000000000000000000
1071.067179394012782723,698.371520622771754461,1485.000000000000000000,1485.000000000000000000
1071.216943688929177370,698.606935660472913696,1485.000000000000000000,1485.000000000000000000
1071.345530179115939973,698.837641634374904243,1485.000000000000000000,1485.000000000000000000
1071.128009986309052692,698.531383900827563593,1485.000000000000000000,1485.000000000000000000
1071.122900195143529345,698.585307243391753218,1485.000000000000000000,1485.000000000000000000
1071.184793128478077051,698.578006367866805704,1485.000000000000000000,1485.000000000000000000
1071.008260300191523129,698.585135775826870486,1485.000000000000000000,1485.000000000000000000
1071.125718997626790951,698.662641929256210460,1485.000000000000000000,1485.000000000000000000
1071.116970355174771612,698.630658890032464114,1485.000000000000000000,1485.000000000000000000
1070.953620911873713339,698.421211080024249895,1485.000000000000000000,1485.000000000000000000
1070.984220907297867598,698.265419367511299242,1485.000000000000000000,1485.000000000000000000
1070.969142143533417766,698.220543016028841521,1485.000000000000000000,1485.000000000000000000
1070.985223658251925372,698.336883261353250418,1485.000000000000000000,1485.000000000000000000
1071.228593825373991422,698.619211033761530416,1485.000000000000000000,1485.000000000000000000
1071.210134008398199512,698.528929801367780783,1485.000000000000000000,1485.000000000000000000
1071.090726575518601749,698.432057627284734735,1485.000000000000000000,1485.000000000000000000
1071.113299207066120289,698.523779203604817667,1485.000000000000000000,1485.000000000000000000
1071.047489522888554347,698.294195444526053507,1485.000000000000000000,1485.000000000000000000
1071.210640608034736942,698.420019274431979284,1485.000000000000000000,1485.000000000000000000
1071.217416691835296660,698.648237100937876676,1485.000000000000000000,1485.000000000000000000
1071.245660612642950582,698.736754561909947370,1485.000000000000000000,1485.000000000000000000
1071.028382480049913283,698.489228051234249506,1485.000000000000000000,1485.000000000000000000
1071.004260364542460593,698.378784169726600339,1485.000000000000000000,1485.000000000000000000
1070.817724676160651143,698.357162689663027777,1485.000000000000000000,1485.000000000000000000
1071.154210864673814285,698.595688697130185574,1485.000000000000000000,1485.000000000000000000
1071.072098735604413378,698.735875567754760596,1485.000000000000000000,1485.000000000000000000
1071.030781643973796236,698.556705920837430313,1485.000000000000000000,1485.000000000000000000
1071.190620028595049007,698.569962076631327363,1485.000000000000000000,1485.000000000000000000
1070.980268859463421904,698.451509501848022410,1485.000000000000000000,1485.000000000000000000
1071.152376355115848128,698.542677844781110252,1485.000000000000000000,1485.000000000000000000
1070.946744846763067471,698.620545688797619732,1485.000000000000000000,1485.000000000000000000
1071.297248370745819557,698.811748780925313440,1485.000000000000000000,1485.000000000000000000
1071.089338976219323740,698.618507980115168721,1485.000000000000000000,1485.000000000000000000
1071.061819204951916618,698.630418461940166708,1485.000000000000000000,1485.000000000000000000
1071.149915540540405345,698.635428403468381475,1485.000000000000000000,1485.000000000000000000
1070.995582718141122314,698.554630491209195498,1485.000000000000000000,1485.000000000000000000
1071.171494086410802993,698.678068673028292324,1485.000000000000000000,1485.000000000000000000
1071.202700798969544849,698.747636742942859200,1485.000000000000000000,1485.000000000000000000
1071.205531769482831805,698.738509965097705390,1485.000000000000000000,1485.000000000000000000
1071.126488722861495262,698.545643930146638922,1485.000000000000000000,1485.000000000000000000
1071.178163343173309840,698.583703993352514772,1485.000000000000000000,1485.000000000000000000
1071.039367226180274884,698.572159238988774632,1485.000000000000000000,1485.000000000000000000
1070.929658983201306910,698.467770646546796343,1485.000000000000000000,1485.000000000000000000
1071.060618889224770101,698.740046341622587533,1485.000000000000000000,1485.000000000000000000
1071.002517015021567204,698.617766232068788668,1485.000000000000000000,1485.000000000000000000
1071.122421379839352085,698.463487089086925153,1485.000000000000000000,1485.000000000000000000
1071.050925646139148739,698.617820167930176467,1485.000000000000000000,1485.000000000000000000
1071.047067808191513905,698.379960899315733514,1485.000000000000000000,1485.000000000000000000
1071.115727600297987010,698.619310862156112307,1485.000000000000000000,1485.000000000000000000
1071.352176973353380163,698.766308068459693459,1485.000000000000000000,1485.000000000000000000
1071.164464023494929279,698.632506644491172665,1485.000000000000000000,1485.000000000000000000
1071.230237650414892414,698.652437533616875953,1485.000000000000000000,1485.000000000000000000
1071.167400526770961733,698.455746000652993644,1485.000000000000000000,1485.000000000000000000
1071.038535878231414245,698.388731106976138108,1485.000000000000000000,1485.000000000000000000
1071.148279881038433814,698.671535342679931091,1485.000000000000000000,1485.000000000000000000
1071.048495454179828812,698.581483292583584443,1485.000000000000000000,1485.000000000000000000
1071.070408368537528077,698.565977820118177988,1485.000000000000000000,1485.000000000000000000
1071.107409419196528688,698.600000000000022737,1485.000000000000000000,1485.000000000000000000
1071.158292064259057952,698.609474489878948589,1485.000000000000000000,1485.000000000000000000
1070.993426607164337838,698.555501302083371229,1485.000000000000000000,1485.000000000000000000
1071.126554218809815211,698.577979413629918781,1485.000000000000000000,1485.000000000000000000
1071.339167169583561190,698.914812636806118462,1485.000000000000000000,1485.000000000000000000
1071.205792376122190035,698.709564338355221480,1485.000000000000000000,1485.000000000000000000
1071.203543916812577663,698.731961792799438626,1485.000000000000000000,1485.000000000000000000
1071.091040811398215737,698.527281624663601178,1485.000000000000000000,1485.000000000000000000
1071.151467505241043909,698.615919717185533955,1485.000000000000000000,1485.000000000000000000
1071.066747254961228464,698.649446614583325754,1485.000000000000000000,1485.000000000000000000
1071.016890123605890039,698.590144132673913191,1485.000000000000000000,1485.000000000000000000
1071.180471827023666265,698.682904187228245974,1485.000000000000000000,1485.000000000000000000
1070.981263221517110651,698.486651038614354547,1485.000000000000000000,1485.000000000000000000
1070.930535455860990623,698.377359104516472144,1485.000000000000000000,1485.000000000000000000
1071.040863981319262166,698.511121967106305419,1485.000000000000000000,1485.000000000000000000
1071.140035870463179890,698.515402186327264644,1485.000000000000000000,1485.000000000000000000
1071.125627229308975075,698.712928562117099318,1485.000000000000000000,1485.000000000000000000
1071.056496833272831282,698.680181503607172999,1485.000000000000000000,1485.000000000000000000
1071.117724147664375778,698.557142158540727905,1485.000000000000000000,1485.000000000000000000
1071.225281249371164449,698.527674433783658969,1485.000000000000000000,1485.000000000000000000
1070.996869635464008752,698.375194254960661056,1485.000000000000000000,1485.000000000000000000
1071.026881070406716390,698.449323553382214413,1485.000000000000000000,1485.000000000000000000
1071.260329163393180352,698.759087052988775213,1485.000000000000000000,1485.000000000000000000
1071.078263318847575647,698.588799217412542930,1485.000000000000000000,1485.000000000000000000
1071.258060620697960985,698.623691621494003812,1485.000000000000000000,1485.000000000000000000
1070.954460349097189464,698.393305575965428034,1485.000000000000000000,1485.000000000000000000
1070.897855962600260682,698.346485216369728732,1485.000000000000000000,1485.000000000000000000
1071.128814038488599181,698.620010774278853205,1485.000000000000000000,1485.000000000000000000
1071.185053093957094461,698.652568814832989119,1485.000000000000000000,1485.000000000000000000
1071.198204740292567294,698.505767437294480260,1485.000000000000000000,1485.000000000000000000
1071.167793336552449546,698.617835641916713030,1485.000000000000000000,1485.000000000000000000
1071.080920429587422404,698.383050074884408787,1485.000000000000000000,1485.000000000000000000
1070.942383599162212704,698.325368067117210558,1485.000000000000000000,1485.000000000000000000
1071.145998507131480437,698.604698555544700866,1485.000000000000000000,1485.000000000000000000
1071.229323686061661647,698.799821225418554604,1485.000000000000000000,1485.000000000000000000
1071.159983921214006841,698.698488697804691583,1485.000000000000000000,1485.000000000000000000
1071.235077332044511422,698.671675395232796291,1485.000000000000000000,1485.000000000000000000
1071.221658819268441221,698.618998695368532026,1485.000000000000000000,1485.000000000000000000
1071.147445960632921924,698.593705712749851955,1485.000000000000000000,1485.000000000000000000
1071.242110781763585692,698.662329615861267484,1485.000000000000000000,1485.000000000000000000
1071.138569526806350041,698.688328436173719638,1485.000000000000000000,1485.000000000000000000
1071.148765991739765013,698.677470949210146500,1485.000000000000000000,1485.000000000000000000
1071.122534501863583500,698.500472743870659542,1485.000000000000000000,1485.000000000000000000
1071.133948124485186781,698.539631313872177998,1485.000000000000000000,1485.000000000000000000
1071.043189769574155434,698.529614392529424549,1485.000000000000000000,1485.000000000000000000
1070.917796063246214544,698.388251192627649289,1485.000000000000000000,1485.000000000000000000
1071.264702323330084255,698.683275527982686981,1485.000000000000000000,1485.000000000000000000
1071.060329362439915712,698.602879247869964274,1485.000000000000000000,1485.000000000000000000
1071.067910552905459554,698.458337403536233978,1485.000000000000000000,1485.000000000000000000
1071.043998953364280169,698.419332224721983948,1485.000000000000000000,1485.000000000000000000
1071.101318836202608509,698.453223097369686911,1485.000000000000000000,1485.000000000000000000
1071.009617711105875060,698.457166176950750014,1485.000000000000000000,1485.000000000000000000
1071.146758642946451801,698.551932367149788661,1485.000000000000000000,1485.000000000000000000
1071.108489614841801085,698.467039160907688711,1485.000000000000000000,1485.000000000000000000
1071.350230879357923186,698.634515528558836195,1485.000000000000000000,1485.000000000000000000
1071.244413548530246771,698.446983412438271444,1485.000000000000000000,1485.000000000000000000
1071.033061676224861003,698.375654386222436187,1485.000000000000000000,1485.000000000000000000
1070.980959296462060593,698.368694773223751326,1485.000000000000000000,1485.000000000000000000
1071.294465925567919840,698.670641320106255989,1485.000000000000000000,1485.000000000000000000
1071.071910429126546660,698.383664459161195737,1485.000000000000000000,1485.000000000000000000
1071.075776746801693662,698.361349482665673349,1485.000000000000000000,1485.000000000000000000
1070.965313386016759978,698.312067527113867982,1485.000000000000000000,1485.000000000000000000
1070.859519929176485675,698.158459192207374144,1485.000000000000000000,1485.000000000000000000
1071.217228464419349621,698.465176085176153720,1485.000000000000000000,1485.000000000000000000
1071.031647227090616070,698.566671585263861743,1485.000000000000000000,1485.000000000000000000
1071.077335744424317454,698.598330468941867366,1485.000000000000000000,1485.000000000000000000
1071.312507538294539700,698.688117109593804344,1485.000000000000000000,1485.000000000000000000
1071.066373104918056924,698.400216014531906694,1485.000000000000000000,1485.000000000000000000
1070.994443773402508668,698.358528559500996380,1485.000000000000000000,1485.000000000000000000
1071.055025944250019165,698.572428225753697006,1485.000000000000000000,1485.000000000000000000
1071.097704271543761934,698.561309465263434504,1485.000000000000000000,1485.000000000000000000
1071.293265749456850244,698.711771556036637776,1485.000000000000000000,1485.000000000000000000
1070.990698889089799195,698.556085098019934776,1485.000000000000000000,1485.000000000000000000
1071.118499779143121486,698.439557562667687307,1485.000000000000000000,1485.000000000000000000
1070.875642343268282275,698.263900496534120066,1485.000000000000000000,1485.000000000000000000
1071.018583252973257913,698.472026028382742879,1485.000000000000000000,1485.000000000000000000
1071.030345105141350359,698.524395445745994948,1485.000000000000000000,1485.000000000000000000
1071.135046033851949687,698.496995665878671389,1485.000000000000000000,1485.000000000000000000
1070.945423101672986377,698.417590175507712047,1485.000000000000000000,1485.000000000000000000
1070.958009518645667413,698.317395376349395519,1485.000000000000000000,1485.000000000000000000
1070.916289456213462472,698.321080725958836410,1485.000000000000000000,1485.000000000000000000
1071.241064960154517394,698.627021977481717840,1485.000000000000000000,1485.000000000000000000
1071.166344644366745342,698.657329460608139016,1485.000000000000000000,1485.000000000000000000
1071.254903147699678811,698.693489608982531536,1485.000000000000000000,1485.000000000000000000
1071.120244633552601954,698.510489625464515484,1485.000000000000000000,1485.000000000000000000
1071.040929314891855029,698.399561101830954613,1485.000000000000000000,1485.000000000000000000
1071.015866304238443263,698.560504752540168738,1485.000000000000000000,1485.000000000000000000
1070.894420307345626497,698.435303566745346870,1485.000000000000000000,1485.000000000000000000
1071.029453241468218039,698.539090595595780542,1485.000000000000000000,1485.000000000000000000
1071.054292699682719103,698.485918494475640728,1485.000000000000000000,1485.000000000000000000
1070.981178082744008861,698.394069328076284364,1485.000000000000000000,1485.000000000000000000
1071.117635226198444798,698.466873247749731490,1485.000000000000000000,1485.000000000000000000
1070.904782048183051302,698.319751630132032005,1485.000000000000000000,1485.000000000000000000
1071.010545454545535904,698.398038347356873601,1485.000000000000000000,1485.000000000000000000
1071.158839806903870340,698.613017926811153302,1485.000000000000000000,1485.000000000000000000
1070.932041187159256879,698.462859955697808800,1485.000000000000000000,1485.000000000000000000
1071.206341532201349764,698.560922819617303503,1485.000000000000000000,1485.000000000000000000
1071.034927544994616255,698.393210424266271730,1485.000000000000000000,1485.000000000000000000
1071.152917950887513143,698.446732010047753647,1485.000000000000000000,1485.000000000000000000
1071.149545518672994149,698.495152650432146402,1485.000000000000000000,1485.000000000000000000
1071.082419025681474523,698.464706752823985880,1485.000000000000000000,1485.000000000000000000
1071.080154982443445988,698.620579095348489318,1485.000000000000000000,1485.000000000000000000
1071.085960462213733990,698.539157714923931053,1485.000000000000000000,1485.000000000000000000
1071.110849388979431751,698.567211715261350946,1485.000000000000000000,1485.000000000000000000
1070.926796358949559362,698.259996060665798723,1485.000000000000000000,1485.000000000000000000
1070.926396450897300383,698.242483982257226671,1485.000000000000000000,1485.000000000000000000
1071.195463427408867574,698.484283246977611270,1485.000000000000000000,1485.000000000000000000
1071.198366230055853521,698.590079658372360427,1485.000000000000000000,1485.000000000000000000
1071.078829236870205932,698.256281407035203301,1485.000000000000000000,1485.000000000000000000
1071.218119658119576343,698.445991602702861201,1485.000000000000000000,1485.000000000000000000
1070.975777710661532183,698.183401454342515535,1485.000000000000000000,1485.000000000000000000
1071.085594022516261248,698.337328992370430569,1485.000000000000000000,1485.000000000000000000
1071.110882956878867844,698.487968790978243305,1485.000000000000000000,1485.000000000000000000
1071.194682779456115895,698.572869513875275516,1485.000000000000000000,1485.000000000000000000
1071.164852443154359207,698.415340276413189713,1485.000000000000000000,1485.000000000000000000
1071.069718749370849764,698.452984732324239303,1485.000000000000000000,1485.000000000000000000
1071.020532350037228753,698.313636587649739340,1485.000000000000000000,1485.000000000000000000
1071.185507246376801049,698.481950674487734432,1485.000000000000000000,1485.000000000000000000
1071.074522627265650954,698.464287472311070815,1485.000000000000000000,1485.000000000000000000
1070.998161950352368876,698.330292420730756930,1485.000000000000000000,1485.000000000000000000
1071.023435296014213236,698.452486387194085182,1485.000000000000000000,1485.000000000000000000
1071.015624685392140236,698.283046473015474476,1485.000000000000000000,1485.000000000000000000
1070.965661692143385153,698.368592578035418228,1485.000000000000000000,1485.000000000000000000
1070.970813946461930755,698.269660708130231797,1485.000000000000000000,1485.000000000000000000
1071.223671760182014623,698.728427227738961847,1485.000000000000000000,1485.000000000000000000
1071.160558780841711268,698.521978291832397190,1485.000000000000000000,1485.000000000000000000
1071.191332689521914290,698.578686188768188003,1485.000000000000000000,1485.000000000000000000
1071.094609261939240241,698.371754575516433761,1485.000000000000000000,1485.000000000000000000
1071.003698314538723935,698.325965584426285204,1485.000000000000000000,1485.000000000000000000
1071.056521124770370079,698.484068928273359234,1485.000000000000000000,1485.000000000000000000
1071.126360730039323244,698.637072723101596239,1485.000000000000000000,1485.000000000000000000
1071.071904127829611753,698.519366110536907399,1485.000000000000000000,1485.000000000000000000
1071.178636198766753296,698.492712278458157016,1485.000000000000000000,1485.000000000000000000
1071.083690253564327577,698.392802638704324636,1485.000000000000000000,1485.000000000000000000
1070.911707789066213081,698.380447294852842788,1485.000000000000000000,1485.000000000000000000
1070.919207194128603078,698.371719853796889765,1485.000000000000000000,1485.000000000000000000
1071.170114108302186651,698.609405037708938835,1485.000000000000000000,1485.000000000000000000
1071.064304461942356284,698.480326980843983620,1485.000000000000000000,1485.000000000000000000
1071.165407322331702744,698.482678340137454143,1485.000000000000000000,1485.000000000000000000
1071.000969109630659659,698.328428236297668263,1485.000000000000000000,1485.000000000000000000
1071.009065087327144283,698.405174813723078842,1485.000000000000000000,1485.000000000000000000
1071.017683786505585886,698.450856597941537984,1485.000000000000000000,1485.000000000000000000
1071.266666666666651508,698.670900200190317264,1485.000000000000000000,1485.000000000000000000
1071.131558197367667162,698.518963057700830177,1485.000000000000000000,1485.000000000000000000
1071.083801469847912813,698.485097248848887830,1485.000000000000000000,1485.000000000000000000
1071.173629558077664115,698.450558645469300245,1485.000000000000000000,1485.000000000000000000
1070.807005881878922082,698.285140166986593613,1485.000000000000000000,1485.000000000000000000
1070.913049619629873632,698.404396904421560066,1485.000000000000000000,1485.000000000000000000
1071.108236100195426843,698.651564398043319670,1485.000000000000000000,1485.000000000000000000
1071.178968349842989483,698.638958775261926348,1485.000000000000000000,1485.000000000000000000
1070.988743228820567310,698.441753228638503970,1485.000000000000000000,1485.000000000000000000
1070.979545775144742947,698.326279527559108828,1485.000000000000000000,1485.000000000000000000
1071.127519613759886852,698.494666010175592419,1485.000000000000000000,1485.000000000000000000
1070.926782973911713270,698.294864842658739690,1485.000000000000000000,1485.000000000000000000
1071.246605237633502838,698.618756169792732180,1485.000000000000000000,1485.000000000000000000
1071.110525784640230995,698.589588158953915809,1485.000000000000000000,1485.000000000000000000
1071.192989864865012350,698.545287627666084518,1485.000000000000000000,1485.000000000000000000
1070.998243488794742007,698.438218602292977266,1485.000000000000000000,1485.000000000000000000
1071.010630358043272281,698.299729530366334984,1485.000000000000000000,1485.000000000000000000
1071.150182485431287205,698.513678658017170164,1485.000000000000000000,1485.000000000000000000
1071.109001108759230192,698.515965119328598121,1485.000000000000000000,1485.000000000000000000
1071.128461088591848238,698.703076696599396200,1485.000000000000000000,1485.000000000000000000
1071.093469626403702932,698.556619211258407631,1485.000000000000000000,1485.000000000000000000
1071.015185386582970750,698.446153594128873010,1485.000000000000000000,1485.000000000000000000
1070.931479582604424650,698.445533235342168155,1485.000000000000000000,1485.000000000000000000
1071.003466973050308297,698.548766522706500837,1485.000000000000000000,1485.000000000000000000
1071.061888922487696618,698.550618866808008534,1485.000000000000000000,1485.000000000000000000
1071.238970514138372891,698.646444815287509300,1485.000000000000000000,1485.000000000000000000
1071.034060906544254976,698.464104957987274247,1485.000000000000000000,1485.000000000000000000
1071.183557946052587795,698.580931772728717988,1485.000000000000000000,1485.000000000000000000
1070.925632016799909252,698.361448747601002651,1485.000000000000000000,1485.000000000000000000
1070.991546113027879983,698.501263620848135361,1485.000000000000000000,1485.000000000000000000
1071.185683411096988493,698.644839612909549942,1485.000000000000000000,1485.000000000000000000
1071.101295143714651203,698.600980054738897707,1485.000000000000000000,1485.000000000000000000
1071.172865638544408284,698.615971640982706958,1485.000000000000000000,1485.000000000000000000
1071.110614119922502141,698.587780127543055642,1485.000000000000000000,1485.000000000000000000
1071.087885365167494456,698.440462124195846627,1485.000000000000000000,1485.000000000000000000
1071.091165508209996915,698.563980030873381111,1485.000000000000000000,1485.000000000000000000
1071.022900147287373329,698.502001312336005867,1485.000000000000000000,1485.000000000000000000
1070.979789422727890269,698.476997935712233812,1485.000000000000000000,1485.000000000000000000
1070.973722363175056671,698.391485249070456121,1485.000000000000000000,1485.000000000000000000
1070.961599677646972850,698.356585717563007165,1485.000000000000000000,1485.000000000000000000
1070.896105203802108008,698.362796185232582502,1485.000000000000000000,1485.000000000000000000
1071.086200987803749740,698.604558124282675635,1485.000000000000000000,1485.000000000000000000
1071.030488420457459142,698.537975620589236314,1485.000000000000000000,1485.000000000000000000
1071.097943133696389850,698.732086000328308728,1485.000000000000000000,1485.000000000000000000
1071.082024959742284409,698.480686554428757518,1485.000000000000000000,1485.000000000000000000
1071.036699279301046772,698.485195375192461142,1485.000000000000000000,1485.000000000000000000
1071.106016672707482940,698.555353783231112175,1485.000000000000000000,1485.000000000000000000
1071.026999213027465885,698.461423626490841343,1485.000000000000000000,1485.000000000000000000
1071.034964328300929992,698.619316692872075691,1485.000000000000000000,1485.000000000000000000
1071.096599051367320499,698.473737024790693795,1485.000000000000000000,1485.000000000000000000
1071.127414838540744313,698.401119372363609727,1485.000000000000000000,1485.000000000000000000
1071.071409876990628618,698.463083844580751247,1485.000000000000000000,1485.000000000000000000
1071.024719010432363575,698.425541360430088389,1485.000000000000000000,1485.000000000000000000
1070.869885698130019591,698.308501745586909237,1485.000000000000000000,1485.000000000000000000
1071.009844266925028933,698.450398488209657444,1485.000000000000000000,1485.000000000000000000
1071.054388407902933977,698.420879228953594975,1485.000000000000000000,1485.000000000000000000
1071.065764023210704181,698.418303227182491355,1485.000000000000000000,1485.000000000000000000
1071.037631488968145277,698.398048380483828623,1485.000000000000000000,1485.000000000000000000
1071.150838662966179982,698.456094557990581961,1485.000000000000000000,1485.000000000000000000
1071.188996998448828890,698.414575748630682028,1485.000000000000000000,1485.000000000000000000
1071.104825224136220641,698.596638655462129464,1485.000000000000000000,1485.000000000000000000
1071.255097116660635947,698.724518311516362701,1485.000000000000000000,1485.000000000000000000
1071.168892918303754414,698.460375937387425438,1485.000000000000000000,1485.000000000000000000
1071.082794984805559579,698.384145045531113283,1485.000000000000000000,1485.000000000000000000
1070.997364397231649491,698.292583136946859668,1485.000000000000000000,1485.000000000000000000
1071.137280966767320933,698.655917150067125476,1485.000000000000000000,1485.000000000000000000
1071.169574052835969269,698.659250527970129951,1485.000000000000000000,1485.000000000000000000
1071.103862401931110071,698.488758793722581686,1485.000000000000000000,1485.000000000000000000
1071.151476767798612855,698.495398119943729398,1485.000000000000000000,1485.000000000000000000
1071.034416902880820999,698.275117970900510045,1485.000000000000000000,1485.000000000000000000
1071.091077207582202391,698.320172854056181677,1485.000000000000000000,1485.000000000000000000
1071.224417059321012857,698.535117934586537558,1485.000000000000000000,1485.000000000000000000
1071.099695999677805958,698.582342731767994337,1485.000000000000000000,1485.000000000000000000
1071.133397776703759519,698.550834398872211750,1485.000000000000000000,1485.000000000000000000
1071.193294004334347846,698.446993567021081617,1485.000000000000000000,1485.000000000000000000
1071.069420158778029872,698.242920841765794648,1485.000000000000000000,1485.000000000000000000
1071.152305617615638766,698.512277939077762312,1485.000000000000000000,1485.000000000000000000
1070.994174679002753692,698.413750555253955099,1485.000000000000000000,1485.000000000000000000
1071.031804614391603536,698.554883148831549988,1485.000000000000000000,1485.000000000000000000
1071.022130850163193827,698.425996220524211822,1485.000000000000000000,1485.000000000000000000
1071.191011009802195986,698.428517534363436425,1485.000000000000000000,1485.000000000000000000
1071.036585120305971941,698.336890243902416842,1485.000000000000000000,1485.000000000000000000
1070.934947538337382866,698.313593363172799400,1485.000000000000000000,1485.000000000000000000
1070.973011077542878411,698.358887080065073860,1485.000000000000000000,1485.000000000000000000
1071.050352162418448643,698.491164164410520243,1485.000000000000000000,1485.000000000000000000
1071.063101216044515240,698.443136675531036417,1485.000000000000000000,1485.000000000000000000
1071.045271710711631385,698.520718594282698177,1485.000000000000000000,1485.000000000000000000
1071.035185073486445617,698.321703521703511797,1485.000000000000000000,1485.000000000000000000
1070.911155442711560681,698.344291251655931774,1485.000000000000000000,1485.000000000000000000
1071.029369108049195347,698.514559122841546923,1485.000000000000000000,1485.000000000000000000
1071.059334181252779672,698.558257992662447577,1485.000000000000000000,1485.000000000000000000
1070.980504587156019625,698.620011131846922581,1485.000000000000000000,1485.000000000000000000
1071.182872327575751115,698.400996590611043757,1485.000000000000000000,1485.000000000000000000
1071.045127336519271921,698.375200655200615074,1485.000000000000000000,1485.000000000000000000
1071.010625452789099654,698.384124490697558940,1485.000000000000000000,1485.000000000000000000
1071.031688437348748266,698.563103775747435975,1485.000000000000000000,1485.000000000000000000
1071.270606719845318366,698.688744652603645591,1485.000000000000000000,1485.000000000000000000
1071.192985636872890609,698.648020597592562808,1485.000000000000000000,1485.000000000000000000
1071.002778952455628314,698.488528682399646641,1485.000000000000000000,1485.000000000000000000
1070.883586711711814132,698.247243009058706775,1485.000000000000000000,1485.000000000000000000
1071.021943321466551424,698.405607261863679014,1485.000000000000000000,1485.000000000000000000
1070.910799540702100785,698.373469253750954522,1485.000000000000000000,1485.000000000000000000
1070.956608448661427246,698.570890265080834070,1485.000000000000000000,1485.000000000000000000
1071.008575983211358107,698.549572649572610317,1485.000000000000000000,1485.000000000000000000
1070.981230322111969144,698.404472245480974379,1485.000000000000000000,1485.000000000000000000
1070.975841608137670846,698.345526057030497213,1485.000000000000000000,1485.000000000000000000
1071.002054504803936652,698.354690550005784644,1485.000000000000000000,1485.000000000000000000
1071.058863833303121282,698.407675158191523224,1485.000000000000000000,1485.000000000000000000
1071.308260388369035354,698.795728466532636958,1485.000000000000000000,1485.000000000000000000
1071.150065517588927833,698.571011066233268139,1485.000000000000000000,1485.000000000000000000
1071.055085087506995478,698.485982383487794323,1485.000000000000000000,1485.000000000000000000
1071.108048755918161987,698.590563165905678034,1485.000000000000000000,1485.000000000000000000
1070.947166244318395911,698.412464607780520964,1485.000000000000000000,1485.000000000000000000
1070.933583051393725327,698.402443624436273240,1485.000000000000000000,1485.000000000000000000
1071.034108808918063005,698.486696811822184827,1485.000000000000000000,1485.000000000000000000
1071.145114160772209289,698.589869925108359894,1485.000000000000000000,1485.000000000000000000
1071.034310466404804174,698.445226031777224307,1485.000000000000000000,1485.000000000000000000
1071.061146368489971792,698.338054257847716144,1485.000000000000000000,1485.000000000000000000
1070.915194417554175743,698.424209664209683979,1485.000000000000000000,1485.000000000000000000
1071.068104701890433716,698.559355345911967561,1485.000000000000000000,1485.000000000000000000
1071.232581120051690959,698.754565985860153887,1485.000000000000000000,1485.000000000000000000
1071.205491621239616507,698.695476073820032070,1485.000000000000000000,1485.000000000000000000
1071.137447065940705215,698.488967574833623075,1485.000000000000000000,1485.000000000000000000
1071.248096216608246323,698.682297292873727201,1485.000000000000000000,1485.000000000000000000
1071.032045069057403452,698.590837670627479383,1485.000000000000000000,1485.000000000000000000
1071.169018918973506516,698.703536419722809114,1485.000000000000000000,1485.000000000000000000
1071.053087167070316355,698.578936142285215283,1485.000000000000000000,1485.000000000000000000
1071.036644457904230876,698.533733280881165228,1485.000000000000000000,1485.000000000000000000
1071.114590259727265220,698.484309486373149412,1485.000000000000000000,1485.000000000000000000
1070.975398936170222441,698.426083116628205971,1485.000000000000000000,1485.000000000000000000
1070.888929110105436848,698.250773841694126531,1485.000000000000000000,1485.000000000000000000
1070.912015997091430108,698.413391557496424866,1485.000000000000000000,1485.000000000000000000
1071.050633422093142144,698.452410180865854272,1485.000000000000000000,1485.000000000000000000
1071.231934943600208499,698.666160428506145763,1485.000000000000000000,1485.000000000000000000
1071.170560464834807135,698.565358353391957280,1485.000000000000000000,1485.000000000000000000
1071.110848818675094662,698.464940668824169734,1485.000000000000000000,1485.000000000000000000
1071.109004643650223443,698.420557525610774974,1485.000000000000000000,1485.000000000000000000
1070.973776647286740626,698.331594145829285480,1485.000000000000000000,1485.000000000000000000
1071.128833363656667643,698.520350410945411568,1485.000000000000000000,1485.000000000000000000
1071.022741055184951620,698.555032371983543271,1485.000000000000000000,1485.000000000000000000
1071.035976594027488318,698.611691774211976735,1485.000000000000000000,1485.000000000000000000
1071.053487480580315605,698.416535793744287730,1485.000000000000000000,1485.000000000000000000
1071.017082626605315454,698.417199750680765646,1485.000000000000000000,1485.000000000000000000
1070.994471013176735141,698.338284071042266987,1485.000000000000000000,1485.000000000000000000
1071.194791035735988771,698.684385870364053517,1485.000000000000000000,1485.000000000000000000
1071.109408439329854446,698.592421864783545971,1485.000000000000000000,1485.000000000000000000
1071.000422986283183491,698.366118340289744992,1485.000000000000000000,1485.000000000000000000
1071.158187999114943523,698.579213015141817777,1485.000000000000000000,1485.000000000000000000
1070.974419400970873539,698.377180505828278001,1485.000000000000000000,1485.000000000000000000
1071.112502773239611997,698.496095476646587485,1485.000000000000000000,1485.000000000000000000
1071.074047157622771920,698.524673795742160110,1485.000000000000000000,1485.000000000000000000
1071.211117824773282337,698.667402249248084445,1485.000000000000000000,1485.000000000000000000
1071.117734694288401442,698.449438202247165464,1485.000000000000000000,1485.000000000000000000
1071.049238077983773110,698.362862567930278601,1485.000000000000000000,1485.000000000000000000
1071.111748254562371585,698.467212712737250513,1485.000000000000000000,1485.000000000000000000
1070.991396159503437957,698.508021390374324255,1485.000000000000000000,1485.000000000000000000
1071.137655327976062836,698.592363564978427348,1485.000000000000000000,1485.000000000000000000
1071.071486040711306487,698.509273849386090660,1485.000000000000000000,1485.000000000000000000
1071.097700110474988833,698.426623451030422984,1485.000000000000000000,1485.000000000000000000
1071.202814752354015582,698.374193759617583055,1485.000000000000000000,1485.000000000000000000
1070.936547202445581206,698.304900032776117769,1485.000000000000000000,1485.000000000000000000
1070.915121226717928948,698.225720882251835064,1485.000000000000000000,1485.000000000000000000
1071.125586358237342210,698.505956184764613681,1485.000000000000000000,1485.000000000000000000
1071.210419308734344668,698.553963424608241439,1485.000000000000000000,1485.000000000000000000
1071.109199911481255185,698.448972585944829916,1485.000000000000000000,1485.000000000000000000
1071.175229136517145889,698.415912963691198456,1485.000000000000000000,1485.000000000000000000
1071.099278778355255781,698.285915793272010887,1485.000000000000000000,1485.000000000000000000
1070.949025758581228729,698.299143616497644871,1485.000000000000000000,1485.000000000000000000
1071.233794199923522683,698.583571077225769841,1485.000000000000000000,1485.000000000000000000
1071.141280486576761177,698.485166051660485209,1485.000000000000000000,1485.000000000000000000
1071.085129071849678439,698.500024583312892901,1485.000000000000000000,1485.000000000000000000
1071.072384171243356832,698.325088918391770676,1485.000000000000000000,1485.000000000000000000
1071.189908477841981949,698.432626207937573781,1485.000000000000000000,1485.000000000000000000
1071.033901721288202680,698.373134328358219136,1485.000000000000000000,1485.000000000000000000
1071.159027693796133462,698.521796890375867406,1485.000000000000000000,1485.000000000000000000
1071.128561361119409412,698.520164933550177011,1485.000000000000000000,1485.000000000000000000
1071.043640020110615296,698.392410670341632795,1485.000000000000000000,1485.000000000000000000
1071.179717664092549967,698.316136330103745422,1485.000000000000000000,1485.000000000000000000
1070.975417598581543643,698.329262287008759813,1485.000000000000000000,1485.000000000000000000
1070.939214382167392614,698.428243247678096850,1485.000000000000000000,1485.000000000000000000
1071.183242589231667807,698.460030909868123672,1485.000000000000000000,1485.000000000000000000
1071.356868424757976754,698.659596856400639808,1485.000000000000000000,1485.000000000000000000
1071.126328502415390176,698.393636572478726521,1485.000000000000000000,1485.000000000000000000
1071.208207785946797230,698.501987339908737340,1485.000000000000000000,1485.000000000000000000
1071.114397590361477342,698.278889817865888290,1485.000000000000000000,1485.000000000000000000
1071.212430333393740511,698.474305384804551977,1485.000000000000000000,1485.000000000000000000
1071.162118101678515814,698.532255951796173576,1485.000000000000000000,1485.000000000000000000
1071.333735958449096870,698.653193686384383909,1485.000000000000000000,1485.000000000000000000
1071.284363329719326430,698.620655753821893086,1485.000000000000000000,1485.000000000000000000
1071.146959459459594655,698.483975619347233987,1485.000000000000000000,1485.000000000000000000
1070.988367646762981167,698.276916282265233349,1485.000000000000000000,1485.000000000000000000
1070.930432154729487593,698.462282683429975805,1485.000000000000000000,1485.000000000000000000
1071.195765596986348100,698.491932445492807346,1485.000000000000000000,1485.000000000000000000
1071.201207000603517372,698.456862551764970704,1485.000000000000000000,1485.000000000000000000
1071.171858022455580794,698.473100306441892826,1485.000000000000000000,1485.000000000000000000
1071.201144578313233069,698.497530500768675665,1485.000000000000000000,1485.000000000000000000
1071.007681325531393668,698.244560230698652958,1485.000000000000000000,1485.000000000000000000
1070.981820746921357568,698.322263828669065333,1485.000000000000000000,1485.000000000000000000
1071.307562417078770522,698.561604537556149808,1485.000000000000000000,1485.000000000000000000
1071.152575081413488078,698.499827747428525981,1485.000000000000000000,1485.000000000000000000
1071.290922574308979165,698.523931078493887981,1485.000000000000000000,1485.000000000000000000
1071.139748617395753172,698.307400846373411696,1485.000000000000000000,1485.000000000000000000
1071.060284329693786276,698.193843880817553327,1485.000000000000000000,1485.000000000000000000
1071.164777523212251253,698.469227368731253591,1485.000000000000000000,1485.000000000000000000
1071.079356449599345069,698.388022242999795708,1485.000000000000000000,1485.000000000000000000
1071.240217391304213379,698.620672114469471126,1485.000000000000000000,1485.000000000000000000
1071.087459342247939276,698.391166880742957801,1485.000000000000000000,1485.000000000000000000
1071.016718976339916480,698.276888210080301178,1485.000000000000000000,1485.000000000000000000
1070.976791465378482826,698.320330969267160981,1485.000000000000000000,1485.000000000000000000
1071.030875372113541744,698.393675045178270011,1485.000000000000000000,1485.000000000000000000
1071.213947776368513587,698.622760696836621719,1485.000000000000000000,1485.000000000000000000
1071.192775199405332387,698.644123494520272288,1485.000000000000000000,1485.000000000000000000
1071.282564040599254440,698.534311312395402638,1485.000000000000000000,1485.000000000000000000
1071.075443995253408502,698.298948956334925242,1485.000000000000000000,1485.000000000000000000
1071.153829141283040371,698.494888627604723297,1485.000000000000000000,1485.000000000000000000
1071.030880248332096016,698.553430046717494406,1485.000000000000000000,1485.000000000000000000
1071.228389096911996603,698.618327605956437765,1485.000000000000000000,1485.000000000000000000
1071.151742648987919893,698.501204463890644547,1485.000000000000000000,1485.000000000000000000
1071.041016333938387106,698.531842385516483773,1485.000000000000000000,1485.000000000000000000
1071.138132334883266594,698.347184568114244030,1485.000000000000000000,1485.000000000000000000
1071.075037296883238014,698.289214962167875456,1485.000000000000000000,1485.000000000000000000
1071.129361050680927292,698.482241308793504686,1485.000000000000000000,1485.000000000000000000
1071.157398452611232642,698.501766494125376994,1485.000000000000000000,1485.000000000000000000
1071.304684662873796697,698.662650208986406142,1485.000000000000000000,1485.000000000000000000
1071.113429706244005502,698.483059733280924775,1485.000000000000000000,1485.000000000000000000
1071.156566572009751326,698.407176312600313395,1485.000000000000000000,1485.000000000000000000
1071.035490563377379658,698.323487008093366057,1485.000000000000000000,1485.000000000000000000
1071.210775142334114207,698.565041049291835407,1485.000000000000000000,1485.000000000000000000
1071.213421873427932951,698.471145817985416215,1485.000000000000000000,1485.000000000000000000
1071.148432772600699536,698.363101981840031840,1485.000000000000000000,1485.000000000000000000
1071.308421583459448811,698.583841563381156448,1485.000000000000000000,1485.000000000000000000
1071.082011060834702221,698.365150251100089918,1485.000000000000000000,1485.000000000000000000
1071.059878186511923559,698.278732942509464010,1485.000000000000000000,1485.000000000000000000
1070.932632045623904560,698.321335368555764944,1485.000000000000000000,1485.000000000000000000
1071.208416510394727084,698.485162961505693602,1485.000000000000000000,1485.000000000000000000
1071.228174123337339552,698.564418386953775553,1485.000000000000000000,1485.000000000000000000
1071.067299361260666046,698.513994035329233157,1485.000000000000000000,1485.000000000000000000
1071.055290157424678910,698.438837845362741064,1485.000000000000000000,1485.000000000000000000
1071.215250518348511832,698.522884813922587455,1485.000000000000000000,1485.000000000000000000
1071.066319633597686334,698.540252468195831170,1485.000000000000000000,1485.000000000000000000
1071.187024364641956709,698.627993814975638998,1485.000000000000000000,1485.000000000000000000
1071.278349267820431123,698.636759295756178290,1485.000000000000000000,1485.000000000000000000
1071.217706002137219912,698.442021136930520697,1485.000000000000000000,1485.000000000000000000
1071.222585396364138433,698.501303684754248025,1485.000000000000000000,1485.000000000000000000
1071.138882167916790422,698.314596049091051100,1485.000000000000000000,1485.000000000000000000
1071.188460067242431251,698.551602532559172687,1485.000000000000000000,1485.000000000000000000
1071.257850241545838799,698.668109526151852151,1485.000000000000000000,1485.000000000000000000
1071.259344381275013802,698.715437145014675480,1485.000000000000000000,1485.000000000000000000
1071.293954386388350031,698.621070267074060212,1485.000000000000000000,1485.000000000000000000
1071.138488159192093008,698.457294438421854466,1485.000000000000000000,1485.000000000000000000
1071.019267589737410162,698.366545299481686015,1485.000000000000000000,1485.000000000000000000
1071.028417353368922704,698.457012240082576682,1485.000000000000000000,1485.000000000000000000
1071.240958025886129690,698.623520165053832898,1485.000000000000000000,1485.000000000000000000
1071.085150634035926487,698.535576103351104393,1485.000000000000000000,1485.000000000000000000
1071.101068117694467219,698.473622988957686175,1485.000000000000000000,1485.000000000000000000
1071.069838199439800519,698.337350978173503790,1485.000000000000000000,1485.000000000000000000
1071.071168067057442386,698.263819177902405499,1485.000000000000000000,1485.000000000000000000
1071.016241486317539966,698.407990710757871966,1485.000000000000000000,1485.000000000000000000
1071.063703524282573198,698.485779238833515592,1485.000000000000000000,1485.000000000000000000
1071.347941888619970996,698.762573733589647418,1485.000000000000000000,1485.000000000000000000
1071.099118720632304758,698.581375494590247399,1485.000000000000000000,1485.000000000000000000
1071.130575880349169893,698.641732283464534703,1485.000000000000000000,1485.000000000000000000
1071.223936362540825940,698.519740622178460399,1485.000000000000000000,1485.000000000000000000
1070.934559090359243783,698.429049729197458873,1485.000000000000000000,1485.000000000000000000
1071.087571986629654930,698.589207320080959107,1485.000000000000000000,1485.000000000000000000
1071.000908320213056868,698.560821018062370058,1485.000000000000000000,1485.000000000000000000
1070.846449638622061684,698.347545347003119787,1485.000000000000000000,1485.000000000000000000
1071.207741727589564107,698.399604206532217177,1485.000000000000000000,1485.000000000000000000
1071.195271753357928901,698.500695842952382009,1485.000000000000000000,1485.000000000000000000
1070.909210154578886431,698.343631116358437794,1485.000000000000000000,1485.000000000000000000
1071.124967272873618640,698.505753919395829143,1485.000000000000000000,1485.000000000000000000
1071.197014504999287965,698.629704301075321382,1485.000000000000000000,1485.000000000000000000
1071.150692643303727891,698.476176432035686048,1485.000000000000000000,1485.000000000000000000
1071.184400587442496544,698.525853882175738363,1485.000000000000000000,1485.000000000000000000
1071.048349745262839861,698.409335432657599085,1485.000000000000000000,1485.000000000000000000
1071.041040194835204602,698.424501985494430301,1485.000000000000000000,1485.000000000000000000
1071.119945140275376616,698.576649279926527925,1485.000000000000000000,1485.000000000000000000
1071.235207309923680441,698.654581183984305426,1485.000000000000000000,1485.000000000000000000
1071.254347826086814166,698.582202334120097476,1485.000000000000000000,1485.000000000000000000
1071.171911175535115035,698.536089917138383498,1485.000000000000000000,1485.000000000000000000
1070.965086276406964316,698.275335985201877520,1485.000000000000000000,1485.000000000000000000
1071.122142324813239611,698.555430067926977244,1485.000000000000000000,1485.000000000000000000
1071.002723641205648164,698.498224077256736564,1485.000000000000000000,1485.000000000000000000
1071.194992137413919409,698.707611522795332348,1485.000000000000000000,1485.000000000000000000
1071.012329237040148655,698.471232696975675935,1485.000000000000000000,1485.000000000000000000
1071.075833484235772630,698.397791865284148116,1485.000000000000000000,1485.000000000000000000
1070.968345236654158725,698.375841998561213586,1485.000000000000000000,1485.000000000000000000
1071.015355125100995792,698.547418162791473151,1485.000000000000000000,1485.000000000000000000
1071.270036319612700026,698.821946068077977543,1485.000000000000000000,1485.000000000000000000
1071.290771991370775140,698.820594688410778872,1485.000000000000000000,1485.000000000000000000
1071.114094500886949390,698.591558983933509808,1485.000000000000000000,1485.000000000000000000
1071.066202582728010384,698.399878561113268916,1485.000000000000000000,1485.000000000000000000
1071.023896020020856668,698.322087247331865001,1485.000000000000000000,1485.000000000000000000
1071.036130254302179310,698.346871461625596567,1485.000000000000000000,1485.000000000000000000
1071.065552595463032048,698.639036555752454660,1485.000000000000000000,1485.000000000000000000
1071.033049019014924852,698.585549340921716066,1485.000000000000000000,1485.000000000000000000
1071.038739555018764804,698.457456721102403208,1485.000000000000000000,1485.000000000000000000
1071.146081454164459501,698.483836154034861465,1485.000000000000000000,1485.000000000000000000
1070.937182587666256950,698.355505301279890773,1485.000000000000000000,1485.000000000000000000
1070.968926553672190494,698.454393716249342106,1485.000000000000000000,1485.000000000000000000
1071.282114803625518107,698.710960185048520543,1485.000000000000000000,1485.000000000000000000
1071.233317214700264230,698.596939193060052276,1485.000000000000000000,1485.000000000000000000
1071.147216004194660854,698.530033488524054519,1485.000000000000000000,1485.000000000000000000
1071.113127646703105711,698.411216025704106869,1485.000000000000000000,1485.000000000000000000
1071.045224100668519895,698.448555026740564244,1485.000000000000000000,1485.000000000000000000
1071.267042014771732283,698.595738757328604152,1485.000000000000000000,1485.000000000000000000
1071.263222632226188580,698.697753473248553746,1485.000000000000000000,1485.000000000000000000
1071.275045427013992594,698.729399229571299657,1485.000000000000000000,1485.000000000000000000
1071.038190873711982931,698.435493918232168653,1485.000000000000000000,1485.000000000000000000
1070.985197733276891086,698.307584016762461943,1485.000000000000000000,1485.000000000000000000
1070.975173221824888969,698.336300449165605642,1485.000000000000000000,1485.000000000000000000
1071.004818937011123126,698.431969943069020701,1485.000000000000000000,1485.000000000000000000
1071.227829208769435354,698.540552058746357034,1485.000000000000000000,1485.000000000000000000
1071.092384292855967942,698.471073702172361664,1485.000000000000000000,1485.000000000000000000
1071.034081513299952348,698.388447950045247126,1485.000000000000000000,1485.000000000000000000
1071.031992117592608338,698.412429656609447193,1485.000000000000000000,1485.000000000000000000
1071.167644982349884231,698.549777166076864887,1485.000000000000000000,1485.000000000000000000
1071.302382246924025821,698.683227677035688430,1485.000000000000000000,1485.000000000000000000
1071.069876842317853516,698.618567352159743677,1485.000000000000000000,1485.000000000000000000
1071.234237499748360278,698.769463972600533452,1485.000000000000000000,1485.000000000000000000
1071.080691584646729098,698.489508083935334071,1485.000000000000000000,1485.000000000000000000
1071.053947341914863500,698.380280536164946170,1485.000000000000000000,1485.000000000000000000
