154.996521420725002827,146.303586605473412874,301.000000000000000000,301.000000000000000000
154.686197200317877787,145.945823483057523617,301.000000000000000000,301.000000000000000000
154.776249006298542099,146.277528438761407870,301.000000000000000000,301.000000000000000000
154.782939318676596940,146.135695959852284886,301.000000000000000000,301.000000000000000000
154.950890398384444779,146.228386146744810503,301.000000000000000000,301.000000000000000000
154.897309019823467224,146.198321567293248791,301.000000000000000000,301.000000000000000000
154.788235294117640706,146.102936595588033697,301.000000000000000000,301.000000000000000000
154.610728180620640160,146.107949908540888373,301.000000000000000000,301.000000000000000000
154.599070165779664876,145.939042948934741162,301.000000000000000000,301.000000000000000000
154.742096709900977203,146.130863779882730569,301.000000000000000000,301.000000000000000000
155.024720893141932265,146.148217370373515678,301.000000000000000000,301.000000000000000000
155.010498928680760855,146.285438820360127465,301.000000000000000000,301.000000000000000000
154.938153789686168693,146.123408589373639188,301.000000000000000000,301.000000000000000000
154.708743521329779469,145.886618251421509740,301.000000000000000000,301.000000000000000000
154.699837667309878952,145.812699488743902521,301.000000000000000000,301.000000000000000000
154.682847005566770804,145.939401644207123354,301.000000000000000000,301.000000000000000000
155.135795663359061791,146.261358181561490710,301.000000000000000000,301.000000000000000000
154.861011768302006431,146.156309493365171193,301.000000000000000000,301.000000000000000000
154.955136421900760979,146.296878095723286606,301.000000000000000000,301.000000000000000000
154.750336762184673489,146.097066802305846522,301.000000000000000000,301.000000000000000000
154.674332661413473033,145.967009025832567204,301.000000000000000000,301.000000000000000000
154.777104377104365085,146.126481654360816265,301.000000000000000000,301.000000000000000000
154.978918423464705256,146.206758597208022366,301.000000000000000000,301.000000000000000000
154.950917431192664253,146.253207311534993096,301.000000000000000000,301.000000000000000000
155.006687431293528334,146.311840728486174612,301.000000000000000000,301.000000000000000000
154.746754837129572024,146.159879463782829134,301.000000000000000000,301.000000000000000000
154.480624426078975375,145.827795246593581169,301.000000000000000000,301.000000000000000000
154.877065513964254251,145.997556540515972756,301.000000000000000000,301.000000000000000000
154.930983847283414434,146.167246204732407477,301.000000000000000000,301.000000000000000000
155.199841153470174504,146.340089131113586518,301.000000000000000000,301.000000000000000000
154.964128440366977202,146.194404245055466163,301.000000000000000000,301.000000000000000000
154.653129976724244443,145.987329269669260157,301.000000000000000000,301.000000000000000000
154.749587534372153641,146.120770902113491729,301.000000000000000000,301.000000000000000000
154.923112381303582197,146.170562990569777639,301.000000000000000000,301.000000000000000000
155.049794314483960989,146.322397386734849078,301.000000000000000000,301.000000000000000000
155.081802596130302163,146.291185134828936043,301.000000000000000000,301.000000000000000000
155.053389726615193922,146.093973586719840796,301.000000000000000000,301.000000000000000000
154.805624711848793140,146.164890016920480775,301.000000000000000000,301.000000000000000000
154.784144210429502664,146.019979058776925740,301.000000000000000000,301.000000000000000000
154.855072463768124180,146.034689265536712810,301.000000000000000000,301.000000000000000000
154.963300780050360572,146.107002225646283478,301.000000000000000000,301.000000000000000000
155.081153834388658197,146.350066763260315383,301.000000000000000000,301.000000000000000000
154.805042993971653686,146.090561224489789538,301.000000000000000000,301.000000000000000000
154.709334069507065124,146.114966790498726823,301.000000000000000000,301.000000000000000000
154.763480279839939158,146.053662258392677131,301.000000000000000000,301.000000000000000000
154.719606400588560291,146.003396739130437254,301.000000000000000000,301.000000000000000000
154.940076965365591377,146.102336687702546669,301.000000000000000000,301.000000000000000000
155.053343143566621620,146.310607995006677129,301.000000000000000000,301.000000000000000000
154.889622295562901400,146.148097787598089781,301.000000000000000000,301.000000000000000000
154.831691977297140284,145.957089027613733379,301.000000000000000000,301.000000000000000000
154.634839025584540195,145.895572122444377783,301.000000000000000000,301.000000000000000000
154.830681016772473413,146.052937360746824424,301.000000000000000000,301.000000000000000000
155.088876570583892089,146.292802354872492288,301.000000000000000000,301.000000000000000000
154.921823905137387101,146.259590284871194399,301.000000000000000000,301.000000000000000000
154.846923783287422793,146.097501626913413020,301.000000000000000000,301.000000000000000000
154.775225142437051318,146.003078052637533801,301.000000000000000000,301.000000000000000000
154.705713149117173089,145.944784754126260395,301.000000000000000000,301.000000000000000000
154.839860268431692703,145.940161495962598792,301.000000000000000000,301.000000000000000000
154.932697597652662580,146.062152688723585925,301.000000000000000000,301.000000000000000000
155.104816991063785281,146.147638464152237248,301.000000000000000000,301.000000000000000000
155.023022377751175327,146.125937880460952556,301.000000000000000000,301.000000000000000000
154.812869799809931237,145.929606450157876907,301.000000000000000000,301.000000000000000000
154.742763987573425766,145.996059755648161627,301.000000000000000000,301.000000000000000000
154.652534562211997127,145.854629158899626873,301.000000000000000000,301.000000000000000000
155.068335173598342180,146.413409245411287429,301.000000000000000000,301.000000000000000000
155.192736491646058994,146.347978759849269181,301.000000000000000000,301.000000000000000000
155.047925871379504770,146.257898458492434202,301.000000000000000000,301.000000000000000000
154.632402200301157791,145.917420081678642418,301.000000000000000000,301.000000000000000000
154.633805407393765563,145.798684061899933795,301.000000000000000000,301.000000000000000000
154.760531471956880978,145.925251841191908397,301.000000000000000000,301.000000000000000000
155.170184131644958825,146.004597309722441878,301.000000000000000000,301.000000000000000000
155.017387849896124408,146.236916468859504903,301.000000000000000000,301.000000000000000000
154.833150116037643329,146.139467051793957353,301.000000000000000000,301.000000000000000000
154.829439609100631969,146.040638688709918824,301.000000000000000000,301.000000000000000000
154.673993010851575036,146.003360727498659344,301.000000000000000000,301.000000000000000000
154.739503787530281897,145.952280107299174006,301.000000000000000000,301.000000000000000000
154.861513983232384817,146.150287869763758408,301.000000000000000000,301.000000000000000000
154.905014641288431676,146.153303764358014405,301.000000000000000000,301.000000000000000000
154.879935066923962950,146.163130198608030241,301.000000000000000000,301.000000000000000000
154.872907853595734196,146.028505436313452037,301.000000000000000000,301.000000000000000000
154.499907868067055006,145.805569634510334254,301.000000000000000000,301.000000000000000000
154.672030158146384338,146.026288922919860624,301.000000000000000000,301.000000000000000000
155.026635944700444725,146.201440276714578204,301.000000000000000000,301.000000000000000000
155.094659673016167289,146.315750729069350200,301.000000000000000000,301.000000000000000000
155.024664089821442303,146.291031860867576597,301.000000000000000000,301.000000000000000000
154.849970918664098463,146.076692664179972780,301.000000000000000000,301.000000000000000000
154.798650099708538619,145.996680851063842965,301.000000000000000000,301.000000000000000000
154.695266091003759357,146.153706693861352051,301.000000000000000000,301.000000000000000000
154.757539536594322271,146.036989759736769656,301.000000000000000000,301.000000000000000000
155.086818583935837523,146.175906273877245667,301.000000000000000000,301.000000000000000000
154.963557921791817762,146.121794326844053558,301.000000000000000000,301.000000000000000000
154.598786987686082739,146.145812139708368704,301.000000000000000000,301.000000000000000000
154.647935955021864629,146.021461536283595706,301.000000000000000000,301.000000000000000000
154.843812146244459882,145.901629604481399838,301.000000000000000000,301.000000000000000000
155.013674743024978397,146.147595637678705316,301.000000000000000000,301.000000000000000000
155.125923881375172186,146.365094205978181208,301.000000000000000000,301.000000000000000000
155.040172035139107720,146.201012414807280493,301.000000000000000000,301.000000000000000000
154.813443576787619804,146.029281377947199871,301.000000000000000000,301.000000000000000000
154.719183948125049710,146.003661456132931562,301.000000000000000000,301.000000000000000000
154.819783446503947744,146.116673713883017172,301.000000000000000000,301.000000000000000000
154.963269054178141459,146.088140207588907060,301.000000000000000000,301.000000000000000000
154.826235927557519290,146.164523545942245164,301.000000000000000000,301.000000000000000000
154.985148514851488244,146.127360226468510973,301.000000000000000000,301.000000000000000000
154.750106974753975919,146.031889442427313952,301.000000000000000000,301.000000000000000000
154.488613406795224137,145.771347997743930591,301.000000000000000000,301.000000000000000000
154.731524904214552407,145.981319768263404058,301.000000000000000000,301.000000000000000000
154.957751653196169173,146.135648383992759136,301.000000000000000000,301.000000000000000000
155.029637794311270227,146.254507766135674274,301.000000000000000000,301.000000000000000000
154.973549331868923673,146.092091069096682077,301.000000000000000000,301.000000000000000000
154.710018649301417781,146.065775747836141818,301.000000000000000000,301.000000000000000000
154.671106212302134963,145.963013118916649091,301.000000000000000000,301.000000000000000000
154.796410303531501995,145.956244354110197037,301.000000000000000000,301.000000000000000000
154.814498346196245393,146.098141200545683205,301.000000000000000000,301.000000000000000000
154.961157933308925294,146.190690181448189833,301.000000000000000000,301.000000000000000000
154.951592745008383645,146.266559331130139299,301.000000000000000000,301.000000000000000000
154.617158982853311500,146.038822633849292743,301.000000000000000000,301.000000000000000000
154.736798679868002182,145.975755515903358628,301.000000000000000000,301.000000000000000000
154.784175084175103621,146.171894035982433024,301.000000000000000000,301.000000000000000000
154.977806309611139568,146.177724782102615109,301.000000000000000000,301.000000000000000000
154.967438737831486151,146.145499943252758612,301.000000000000000000,301.000000000000000000
154.912245272627131953,146.100477927660421074,301.000000000000000000,301.000000000000000000
154.686735193343110950,146.053157171309180740,301.000000000000000000,301.000000000000000000
154.706726649528718553,146.036511555893355307,301.000000000000000000,301.000000000000000000
154.731382652435286218,145.968009478672968271,301.000000000000000000,301.000000000000000000
154.827816599239923789,146.162358781239305472,301.000000000000000000,301.000000000000000000
155.122240567479991569,146.394288294389895100,301.000000000000000000,301.000000000000000000
154.946915614131427219,146.091906256184103086,301.000000000000000000,301.000000000000000000
154.911505238007720209,146.211608903916612689,301.000000000000000000,301.000000000000000000
154.646511912407873979,145.927413432751507116,301.000000000000000000,301.000000000000000000
154.783322611279601233,145.998215651287296168,301.000000000000000000,301.000000000000000000
154.979692645444572463,145.910724439895375326,301.000000000000000000,301.000000000000000000
155.015636430139011281,146.170719265431046097,301.000000000000000000,301.000000000000000000
155.024372365768726922,146.112768072716960432,301.000000000000000000,301.000000000000000000
154.821495298477771030,146.054598186630641976,301.000000000000000000,301.000000000000000000
154.578531384982994723,145.922382162009597550,301.000000000000000000,301.000000000000000000
154.900424959491260779,146.048450433652590164,301.000000000000000000,301.000000000000000000
154.876193098384732139,146.001364838351946673,301.000000000000000000,301.000000000000000000
155.215119833700157415,146.201349321087405997,301.000000000000000000,301.000000000000000000
155.042738970588231950,146.066020902370638623,301.000000000000000000,301.000000000000000000
154.680517251945843782,145.980023801428103525,301.000000000000000000,301.000000000000000000
154.679161702257658817,145.920113475177288365,301.000000000000000000,301.000000000000000000
154.818176262070664961,146.007374131208678136,301.000000000000000000,301.000000000000000000
155.142411451642487918,146.320828715150469179,301.000000000000000000,301.000000000000000000
155.240519877675865246,146.330893617021274622,301.000000000000000000,301.000000000000000000
154.980216156805283845,146.255875932068846623,301.000000000000000000,301.000000000000000000
154.711123341282956289,146.109787353893807449,301.000000000000000000,301.000000000000000000
154.687764870880215540,146.146598927462605388,301.000000000000000000,301.000000000000000000
154.758934016343459916,146.041018668026424621,301.000000000000000000,301.000000000000000000
155.008543096872614342,146.073610401408075177,301.000000000000000000,301.000000000000000000
155.271515485034683479,146.244698391039861463,301.000000000000000000,301.000000000000000000
154.822780569514236504,146.368806925528019747,301.000000000000000000,301.000000000000000000
154.618890113928699748,146.016865499055199962,301.000000000000000000,301.000000000000000000
154.639457647775770965,146.145785748526634507,301.000000000000000000,301.000000000000000000
154.721162412066462366,146.015904065317215554,301.000000000000000000,301.000000000000000000
155.028794848206075585,146.086495726495741110,301.000000000000000000,301.000000000000000000
154.851661149932567696,146.055384877965536816,301.000000000000000000,301.000000000000000000
155.008804108584001824,146.228794326241143153,301.000000000000000000,301.000000000000000000
154.850965227265760404,146.138030315860788733,301.000000000000000000,301.000000000000000000
154.516093433878978658,145.862247773644469362,301.000000000000000000,301.000000000000000000
154.769249602154502554,146.065995714930068061,301.000000000000000000,301.000000000000000000
154.939558417663306500,146.132710760795077931,301.000000000000000000,301.000000000000000000
155.065812356979392916,146.019836871571897063,301.000000000000000000,301.000000000000000000
155.034570163383705221,146.235416133890282708,301.000000000000000000,301.000000000000000000
154.910179640718581595,146.046676255746405104,301.000000000000000000,301.000000000000000000
154.771188261657016483,145.995292783212818222,301.000000000000000000,301.000000000000000000
154.762150062858381716,145.925646673444020962,301.000000000000000000,301.000000000000000000
154.939794419970610306,146.123468345813478209,301.000000000000000000,301.000000000000000000
155.083532732069443227,146.345105013550153217,301.000000000000000000,301.000000000000000000
154.961439588688961067,146.110404117530606527,301.000000000000000000,301.000000000000000000
154.751226843332119643,146.080923711806462961,301.000000000000000000,301.000000000000000000
154.790165337245184674,145.974853453402431569,301.000000000000000000,301.000000000000000000
154.715011787759124218,145.735363590349265905,301.000000000000000000,301.000000000000000000
154.902040066164317977,146.055593297101438566,301.000000000000000000,301.000000000000000000
155.079709481522172609,146.093974195377853675,301.000000000000000000,301.000000000000000000
154.923455206328867462,146.230149304377334829,301.000000000000000000,301.000000000000000000
154.762101715686299030,146.136550597250391093,301.000000000000000000,301.000000000000000000
154.631985822104070394,146.012246395214333461,301.000000000000000000,301.000000000000000000
154.781243291317821331,145.926831331415996829,301.000000000000000000,301.000000000000000000
155.004509479109145786,146.334379240162832048,301.000000000000000000,301.000000000000000000
154.993962678375396536,146.168843734881477303,301.000000000000000000,301.000000000000000000
155.132027466127169646,146.352072010869562746,301.000000000000000000,301.000000000000000000
154.596979185853740546,145.976313778758822082,301.000000000000000000,301.000000000000000000
154.544870618462084622,145.824357231849603522,301.000000000000000000,301.000000000000000000
154.739471675064919509,146.001273669015859014,301.000000000000000000,301.000000000000000000
155.024701561065199940,145.987029170206739082,301.000000000000000000,301.000000000000000000
154.955850495804725142,146.199059516727572827,301.000000000000000000,301.000000000000000000
154.906371513425824560,146.171484925331071736,301.000000000000000000,301.000000000000000000
154.898310800453714364,146.134267071661611226,301.000000000000000000,301.000000000000000000
154.792895074162231595,146.001442634080092375,301.000000000000000000,301.000000000000000000
154.650303364589092325,145.922976686212848563,301.000000000000000000,301.000000000000000000
154.866782959970635147,146.020227774944771681,301.000000000000000000,301.000000000000000000
154.863069016152735458,146.099549434668006143,301.000000000000000000,301.000000000000000000
154.925054904831625890,146.270884572979412042,301.000000000000000000,301.000000000000000000
154.741710457576601812,146.114035830159423313,301.000000000000000000,301.000000000000000000
154.620114467603229969,146.020484012823771991,301.000000000000000000,301.000000000000000000
154.799171270718233018,145.938773197336729481,301.000000000000000000,301.000000000000000000
155.077333824341735635,146.176353616271796909,301.000000000000000000,301.000000000000000000
154.877910174152134459,146.140551944349397218,301.000000000000000000,301.000000000000000000
155.182129324043529550,146.357788002726636023,301.000000000000000000,301.000000000000000000
154.732801076748955893,146.084535732473284497,301.000000000000000000,301.000000000000000000
154.693217231897335751,145.998296132220133359,301.000000000000000000,301.000000000000000000
154.677438110101292068,146.016238734909023833,301.000000000000000000,301.000000000000000000
154.968446156668505864,146.211277173913060778,301.000000000000000000,301.000000000000000000
155.058832523010124760,146.002504126116889438,301.000000000000000000,301.000000000000000000
155.003847563209973259,146.177451899849359052,301.000000000000000000,301.000000000000000000
154.722916283912070412,145.985329036634993827,301.000000000000000000,301.000000000000000000
154.722217135182972925,145.967940570008181567,301.000000000000000000,301.000000000000000000
154.706697318007684316,146.062975211283543331,301.000000000000000000,301.000000000000000000
154.887114537444915641,146.293555480378870470,301.000000000000000000,301.000000000000000000
154.870894815629469576,146.089441275786725782,301.000000000000000000,301.000000000000000000
154.957182067703570283,146.335912479097601135,301.000000000000000000,301.000000000000000000
154.875072863936196654,146.227186500184046736,301.000000000000000000,301.000000000000000000
154.720266004719462671,145.919802905445578745,301.000000000000000000,301.000000000000000000
154.747846347220956886,146.008071367884440406,301.000000000000000000,301.000000000000000000
154.954969796814935989,146.002725724020422149,301.000000000000000000,301.000000000000000000
155.112200335929173889,146.243043145264238092,301.000000000000000000,301.000000000000000000
154.990301921317495726,146.227078559506651345,301.000000000000000000,301.000000000000000000
154.870752668440530897,146.152787181223203561,301.000000000000000000,301.000000000000000000
154.754437239321703146,146.043902853260874508,301.000000000000000000,301.000000000000000000
154.771878343267616174,146.054256952738455766,301.000000000000000000,301.000000000000000000
154.892156862745082435,146.041408043533692762,301.000000000000000000,301.000000000000000000
155.148344774980955663,146.298029207429465259,301.000000000000000000,301.000000000000000000
154.997253753203949600,146.348298047218207785,301.000000000000000000,301.000000000000000000
154.735748127770136762,146.171255895393812807,301.000000000000000000,301.000000000000000000
154.573229310081075027,145.947816735999083448,301.000000000000000000,301.000000000000000000
154.852703199705786119,146.109491113559954556,301.000000000000000000,301.000000000000000000
154.938488414858397846,146.308660881402090581,301.000000000000000000,301.000000000000000000
155.041219787942679886,146.237795364933504061,301.000000000000000000,301.000000000000000000
155.094594594594582304,146.435503059143456994,301.000000000000000000,301.000000000000000000
154.763277043563391544,146.100389039242202216,301.000000000000000000,301.000000000000000000
154.748448439267463073,146.101042821015539630,301.000000000000000000,301.000000000000000000
154.694286064618978571,146.048705074745413413,301.000000000000000000,301.000000000000000000
154.871321390292450815,145.978353502641880368,301.000000000000000000,301.000000000000000000
155.058830720332508690,146.411514222449341105,301.000000000000000000,301.000000000000000000
154.966397355857509410,146.314602608720264243,301.000000000000000000,301.000000000000000000
154.842946957211751169,146.190979265269334064,301.000000000000000000,301.000000000000000000
154.698498608690329092,146.116177424357772452,301.000000000000000000,301.000000000000000000
154.857356669415679562,146.110432397273825700,301.000000000000000000,301.000000000000000000
155.010099155343368693,146.095654883299346238,301.000000000000000000,301.000000000000000000
154.965097427426513832,146.131287370001984982,301.000000000000000000,301.000000000000000000
154.954178885630483364,146.204484406367527072,301.000000000000000000,301.000000000000000000
154.713129276637346265,145.905008635578610665,301.000000000000000000,301.000000000000000000
154.667890020491199721,145.887561092747972680,301.000000000000000000,301.000000000000000000
154.749364452203735709,145.889622854561878285,301.000000000000000000,301.000000000000000000
155.079069625282727429,145.976229065370091575,301.000000000000000000,301.000000000000000000
155.079267547077535028,146.317672426022056698,301.000000000000000000,301.000000000000000000
155.005419805254462062,146.285896998635735144,301.000000000000000000,301.000000000000000000
154.807760464405760104,146.159652695288201585,301.000000000000000000,301.000000000000000000
154.713043744451596240,146.061083354503637111,301.000000000000000000,301.000000000000000000
154.741972020693651757,146.038274005805931210,301.000000000000000000,301.000000000000000000
154.980743325985798720,146.363227558119803007,301.000000000000000000,301.000000000000000000
155.078591282568197585,146.303613300562204813,301.000000000000000000,301.000000000000000000
155.024080533627056866,146.310462782348110977,301.000000000000000000,301.000000000000000000
154.876828895010703491,146.279560786970392883,301.000000000000000000,301.000000000000000000
154.688658469443936383,146.024417752213395261,301.000000000000000000,301.000000000000000000
154.716024402955326877,145.942891035417744661,301.000000000000000000,301.000000000000000000
154.767722334744973978,146.120681347957940943,301.000000000000000000,301.000000000000000000
155.171243991304606880,146.378256427720089050,301.000000000000000000,301.000000000000000000
155.121200980392160318,146.259631490787285202,301.000000000000000000,301.000000000000000000
154.807725216966161952,146.138707581023425064,301.000000000000000000,301.000000000000000000
154.728571865724177314,146.141991488402254618,301.000000000000000000,301.000000000000000000
154.704596326618229796,146.021227281720797464,301.000000000000000000,301.000000000000000000
154.799135870564441575,146.139601381575232608,301.000000000000000000,301.000000000000000000
154.781209899175053124,146.409961036760989828,301.000000000000000000,301.000000000000000000
155.119919073018195377,146.384952623391313864,301.000000000000000000,301.000000000000000000
154.750061207002090669,146.066992775013375194,301.000000000000000000,301.000000000000000000
154.659745827591507350,145.951097972972974048,301.000000000000000000,301.000000000000000000
154.845941468801754581,146.061409452820612387,301.000000000000000000,301.000000000000000000
154.959727841118052538,146.122318446821765292,301.000000000000000000,301.000000000000000000
155.036833256915798529,146.145095697181716332,301.000000000000000000,301.000000000000000000
154.999052074733214113,146.163681846608682235,301.000000000000000000,301.000000000000000000
154.778644399584038638,146.186919581110458921,301.000000000000000000,301.000000000000000000
154.748766510373570782,146.163626078348187320,301.000000000000000000,301.000000000000000000
154.700901727036523425,146.039222364126601406,301.000000000000000000,301.000000000000000000
154.846889952153105696,146.029695682944094415,301.000000000000000000,301.000000000000000000
155.080040433743818085,146.203795379537950794,301.000000000000000000,301.000000000000000000
154.977427050835018463,146.227333163597279508,301.000000000000000000,301.000000000000000000
154.936610013780438067,146.232898747036927034,301.000000000000000000,301.000000000000000000
154.538134556574931366,145.921301034914137063,301.000000000000000000,301.000000000000000000
154.805496763902965540,145.838516001132830979,301.000000000000000000,301.000000000000000000
154.811615511854427041,145.812498229511902537,301.000000000000000000,301.000000000000000000
154.851692326490706364,146.097166453082735416,301.000000000000000000,301.000000000000000000
154.860568247851489332,145.973905867622789856,301.000000000000000000,301.000000000000000000
154.749419599217986843,146.085768329522039721,301.000000000000000000,301.000000000000000000
154.589200586725326048,146.079366426248043354,301.000000000000000000,301.000000000000000000
154.704836241199870983,145.932942210129510840,301.000000000000000000,301.000000000000000000
154.827237449200964647,145.918655529037380347,301.000000000000000000,301.000000000000000000
154.924959416827476844,146.167519036254134335,301.000000000000000000,301.000000000000000000
155.089409243954719386,146.120607141845766819,301.000000000000000000,301.000000000000000000
154.828113998836755627,146.106790907807436497,301.000000000000000000,301.000000000000000000
154.775267138177014203,146.033401325854157449,301.000000000000000000,301.000000000000000000
154.669116971423306950,145.976577342974621843,301.000000000000000000,301.000000000000000000
154.904661405762510640,146.167563259613473292,301.000000000000000000,301.000000000000000000
154.984991594069981602,146.147554494557653015,301.000000000000000000,301.000000000000000000
154.761336515513107770,145.971522577717280456,301.000000000000000000,301.000000000000000000
155.002362108104819072,146.241919020074874425,301.000000000000000000,301.000000000000000000
154.579276134484643990,145.930410103590190829,301.000000000000000000,301.000000000000000000
154.598191924744980952,146.020539407331852999,301.000000000000000000,301.000000000000000000
154.731002759889605613,145.887850731900698520,301.000000000000000000,301.000000000000000000
154.904308265396480238,146.157317419721493934,301.000000000000000000,301.000000000000000000
154.762747074817468729,146.079992037763759072,301.000000000000000000,301.000000000000000000
154.715065134099631905,146.103161820801915383,301.000000000000000000,301.000000000000000000
154.555259613029647880,146.034504161376787579,301.000000000000000000,301.000000000000000000
154.799278221243525877,146.042945131943270098,301.000000000000000000,301.000000000000000000
154.829507895703272879,146.048501331520185431,301.000000000000000000,301.000000000000000000
154.935078854693017547,146.187958383080342628,301.000000000000000000,301.000000000000000000
154.950613890415979768,146.277055909412581514,301.000000000000000000,301.000000000000000000
154.760862903720067152,146.158700564971752556,301.000000000000000000,301.000000000000000000
154.538994747770857430,146.080811505750034485,301.000000000000000000,301.000000000000000000
154.722947303921557705,146.012963904422974792,301.000000000000000000,301.000000000000000000
154.719947361978199751,146.038660086226457224,301.000000000000000000,301.000000000000000000
155.163173150266970879,146.220774057983362582,301.000000000000000000,301.000000000000000000
154.834765125205649383,146.261361054305837115,301.000000000000000000,301.000000000000000000
154.832047986289637720,146.210128367893929635,301.000000000000000000,301.000000000000000000
154.534060361681326867,146.062547544586266213,301.000000000000000000,301.000000000000000000
154.712189443372238884,146.042783621762254143,301.000000000000000000,301.000000000000000000
154.735414378127671853,145.997762673463626015,301.000000000000000000,301.000000000000000000
154.999541116005872254,146.275036860610185840,301.000000000000000000,301.000000000000000000
154.966067498165813277,146.183037106329891230,301.000000000000000000,301.000000000000000000
154.854086435601203675,146.146139679841326142,301.000000000000000000,301.000000000000000000
154.748140017075257902,145.886270840421900630,301.000000000000000000,301.000000000000000000
154.765393656317741033,145.952389044665380879,301.000000000000000000,301.000000000000000000
154.930626832844581031,146.053844631090754547,301.000000000000000000,301.000000000000000000
155.031261459479281939,146.240892570365986103,301.000000000000000000,301.000000000000000000
155.222171365800079457,146.243587570621457417,301.000000000000000000,301.000000000000000000
154.781024795407347483,146.097058906465917971,301.000000000000000000,301.000000000000000000
154.638185266764565995,146.002522032361355286,301.000000000000000000,301.000000000000000000
154.740146163960503145,146.017484201875959116,301.000000000000000000,301.000000000000000000
154.843354382111613177,146.117358094102286259,301.000000000000000000,301.000000000000000000
155.029017379883327976,146.105704175513096743,301.000000000000000000,301.000000000000000000
154.966849816849816079,146.142179421623779945,301.000000000000000000,301.000000000000000000
154.707965686274519612,145.905177280939483353,301.000000000000000000,301.000000000000000000
154.896134823227697552,145.983494705849068396,301.000000000000000000,301.000000000000000000
154.684395537215351624,145.761008954043461472,301.000000000000000000,301.000000000000000000
154.779116835326590262,145.953630573248403834,301.000000000000000000,301.000000000000000000
154.984963552627561967,146.211451006976801636,301.000000000000000000,301.000000000000000000
154.950594693504115185,146.140891423383550318,301.000000000000000000,301.000000000000000000
154.867328188166112568,146.143514987145806572,301.000000000000000000,301.000000000000000000
154.627712394262601947,145.859393939393953588,301.000000000000000000,301.000000000000000000
154.725482991947586697,145.906185596115307135,301.000000000000000000,301.000000000000000000
154.892273811708577114,145.866384419983063481,301.000000000000000000,301.000000000000000000
154.858193694106148541,146.161472927457481319,301.000000000000000000,301.000000000000000000
154.957731015553520137,146.184973887375122104,301.000000000000000000,301.000000000000000000
154.688884814033826842,146.089971883786319040,301.000000000000000000,301.000000000000000000
154.667951659782772822,146.177252917193868598,301.000000000000000000,301.000000000000000000
154.554920751935128465,145.911143090945017775,301.000000000000000000,301.000000000000000000
154.849770852428946455,146.342547057826010359,301.000000000000000000,301.000000000000000000
154.961129446277965371,146.416482582837716109,301.000000000000000000,301.000000000000000000
154.956468686129170464,146.283220338983056763,301.000000000000000000,301.000000000000000000
154.785451112938119422,146.157070578591827825,301.000000000000000000,301.000000000000000000
154.727946808836605896,146.050620010191948950,301.000000000000000000,301.000000000000000000
154.535818981311820153,145.839043419267284207,301.000000000000000000,301.000000000000000000
154.870733944954110939,146.011103557670537612,301.000000000000000000,301.000000000000000000
155.021547651702178428,146.262489343563515831,301.000000000000000000,301.000000000000000000
154.943817820571609900,146.117046835693486173,301.000000000000000000,301.000000000000000000
154.737262067915338548,146.127549441584392298,301.000000000000000000,301.000000000000000000
154.793222619812212315,145.971518449243319537,301.000000000000000000,301.000000000000000000
154.647569125130303291,145.761380323054339669,301.000000000000000000,301.000000000000000000
154.886387897642350708,146.244908941569661920,301.000000000000000000,301.000000000000000000
155.031577014870549647,146.446340214980381234,301.000000000000000000,301.000000000000000000
154.963695765014819017,146.203628117913837059,301.000000000000000000,301.000000000000000000
154.790428288370662813,146.025046697232141923,301.000000000000000000,301.000000000000000000
154.704870358465740310,146.039721470455560848,301.000000000000000000,301.000000000000000000
154.542494481236190040,145.929893167842692492,301.000000000000000000,301.000000000000000000
154.834925300024508488,145.990374270992589345,301.000000000000000000,301.000000000000000000
155.070078884608335557,146.280689772921277836,301.000000000000000000,301.000000000000000000
155.016945536557869900,146.233799057193152748,301.000000000000000000,301.000000000000000000
154.732125979450586328,146.230468085106394938,301.000000000000000000,301.000000000000000000
154.757106180084349489,146.003547608911617317,301.000000000000000000,301.000000000000000000
154.735651163501813699,145.988217633896965708,301.000000000000000000,301.000000000000000000
154.834372516657509777,145.968990934508155988,301.000000000000000000,301.000000000000000000
154.781392223342209036,146.213759772565765616,301.000000000000000000,301.000000000000000000
154.996435752147704079,146.250729441092317984,301.000000000000000000,301.000000000000000000
154.867891193761636259,146.237724348120536888,301.000000000000000000,301.000000000000000000
154.692074292019128734,145.850663497722337070,301.000000000000000000,301.000000000000000000
154.703761467889904679,145.911131872487402461,301.000000000000000000,301.000000000000000000
154.739543144099457095,145.978467277043080230,301.000000000000000000,301.000000000000000000
155.117945427323007834,146.379567423533757164,301.000000000000000000,301.000000000000000000
155.074444342535684882,146.204070031832657151,301.000000000000000000,301.000000000000000000
154.862146892655374586,146.150560461956501968,301.000000000000000000,301.000000000000000000
154.873783734165613168,146.269490952139335604,301.000000000000000000,301.000000000000000000
154.617776959882235133,145.972281148352408309,301.000000000000000000,301.000000000000000000
155.009611546138501126,146.127999999999985903,301.000000000000000000,301.000000000000000000
154.909648480410112370,146.122598197585432445,301.000000000000000000,301.000000000000000000
155.149891626217311114,146.299282696833103046,301.000000000000000000,301.000000000000000000
154.876573693034600865,146.199348349624585808,301.000000000000000000,301.000000000000000000
154.715175953079182136,146.067294636795651286,301.000000000000000000,301.000000000000000000
154.678442858014534522,146.031313645621196429,301.000000000000000000,301.000000000000000000
154.823684130042522611,146.063772548353313141,301.000000000000000000,301.000000000000000000
154.764898734565065297,146.055541328780776666,301.000000000000000000,301.000000000000000000
154.985520527859250706,146.206953453966093548,301.000000000000000000,301.000000000000000000
154.858473511658530697,146.165297886151336115,301.000000000000000000,301.000000000000000000
154.764752717807368754,146.067094811559911705,301.000000000000000000,301.000000000000000000
154.714434155435355933,146.162025673578796159,301.000000000000000000,301.000000000000000000
154.825721447786747831,145.880964495703324246,301.000000000000000000,301.000000000000000000
155.000888398737856733,146.104534470504631827,301.000000000000000000,301.000000000000000000
155.059338104851065054,146.131341584862724403,301.000000000000000000,301.000000000000000000
154.893015436344171576,146.091079014443494088,301.000000000000000000,301.000000000000000000
154.557921140375015057,145.859149357072226394,301.000000000000000000,301.000000000000000000
154.703761420234059187,145.990941415509666967,301.000000000000000000,301.000000000000000000
154.667980205278581707,146.054769615362772583,301.000000000000000000,301.000000000000000000
154.943069306930681250,146.115610228372929669,301.000000000000000000,301.000000000000000000
154.864078560939788076,145.997866530124611018,301.000000000000000000,301.000000000000000000
154.931868333946283656,146.245469708534756137,301.000000000000000000,301.000000000000000000
154.763950208486619431,146.107806586454273656,301.000000000000000000,301.000000000000000000
154.690417164019208940,146.035806351094890942,301.000000000000000000,301.000000000000000000
154.829300336083122147,146.011556764106046558,301.000000000000000000,301.000000000000000000
155.043003851091157230,146.270820969337307815,301.000000000000000000,301.000000000000000000
154.869798821625920482,146.053416431884812710,301.000000000000000000,301.000000000000000000
154.984575835475595795,146.155487890834251630,301.000000000000000000,301.000000000000000000
154.557996323529408755,145.697409909909907810,301.000000000000000000,301.000000000000000000
154.623389768126628496,145.803285629604545193,301.000000000000000000,301.000000000000000000
154.783336393121601304,145.921621927738158320,301.000000000000000000,301.000000000000000000
154.833486435176666873,146.062431079820157720,301.000000000000000000,301.000000000000000000
154.793674055077246976,146.167910447761187243,301.000000000000000000,301.000000000000000000
154.712954447918605183,146.153492050043780637,301.000000000000000000,301.000000000000000000
154.700758966825816287,146.063171816084206966,301.000000000000000000,301.000000000000000000
154.754605363984694577,146.007876895377933124,301.000000000000000000,301.000000000000000000
154.942214056040427295,145.960392390348999925,301.000000000000000000,301.000000000000000000
154.965624999999988631,146.186143121354405139,301.000000000000000000,301.000000000000000000
154.878225068618462501,146.181526035889987725,301.000000000000000000,301.000000000000000000
155.062113701731846049,146.255920162381585214,301.000000000000000000,301.000000000000000000
154.581758120756092012,145.959639487396145796,301.000000000000000000,301.000000000000000000
154.631760890846805978,146.050844113751026043,301.000000000000000000,301.000000000000000000
154.764000978234292916,146.189101203113949623,301.000000000000000000,301.000000000000000000
154.954788779786497344,146.195333617868811871,301.000000000000000000,301.000000000000000000
154.990277013392017125,146.242290624381695352,301.000000000000000000,301.000000000000000000
154.787065956274119571,146.192190411655076332,301.000000000000000000,301.000000000000000000
154.677238007943799403,146.174844466965055290,301.000000000000000000,301.000000000000000000
154.548709027650602366,145.861049957662999077,301.000000000000000000,301.000000000000000000
154.694199436481710563,146.018476142045926736,301.000000000000000000,301.000000000000000000
154.913091309130919626,146.103317670511160031,301.000000000000000000,301.000000000000000000
155.002929866324848263,146.270689704088283634,301.000000000000000000,301.000000000000000000
154.884791361639827301,146.221396187096956965,301.000000000000000000,301.000000000000000000
154.659053384700058587,146.033894007269054782,301.000000000000000000,301.000000000000000000
154.682077573316234975,145.989688979039897276,301.000000000000000000,301.000000000000000000
154.685086428834125627,145.933888511216878214,301.000000000000000000,301.000000000000000000
154.853388278388280241,146.082978844081452507,301.000000000000000000,301.000000000000000000
155.209196455850900520,146.319816762809637112,301.000000000000000000,301.000000000000000000
154.959127565982385022,146.194673233138047408,301.000000000000000000,301.000000000000000000
154.759079236977242999,146.089701184519270782,301.000000000000000000,301.000000000000000000
154.709883916812145799,146.103934732727111623,301.000000000000000000,301.000000000000000000
154.757963150311184108,145.898192224866818378,301.000000000000000000,301.000000000000000000
155.034941560621319923,146.191876153955405471,301.000000000000000000,301.000000000000000000
155.011011194714626527,146.158148368625461444,301.000000000000000000,301.000000000000000000
154.939127246057921639,146.004756646564175071,301.000000000000000000,301.000000000000000000
154.792306513409982927,146.222025316455699340,301.000000000000000000,301.000000000000000000
154.654034379396819077,145.971080669710801203,301.000000000000000000,301.000000000000000000
154.761516373411552649,146.072431945500113670,301.000000000000000000,301.000000000000000000
154.999450348112873144,146.344375963020013387,301.000000000000000000,301.000000000000000000
154.826825542315930306,146.305940734439246853,301.000000000000000000,301.000000000000000000
155.041915251644496720,146.211718198503461963,301.000000000000000000,301.000000000000000000
154.738705626512285107,146.115140705509304553,301.000000000000000000,301.000000000000000000
154.768708730741025192,146.191668781904866137,301.000000000000000000,301.000000000000000000
154.847570881226062056,146.215298328682962392,301.000000000000000000,301.000000000000000000
154.944092730219892928,146.236484189051338944,301.000000000000000000,301.000000000000000000
155.093303994376697119,146.185897981776378174,301.000000000000000000,301.000000000000000000
154.977830707218743100,146.233946379636677193,301.000000000000000000,301.000000000000000000
154.751236943375488408,145.988035779790635615,301.000000000000000000,301.000000000000000000
154.740975087880201500,146.033460613774593639,301.000000000000000000,301.000000000000000000
154.819829750750216135,146.020812154072075373,301.000000000000000000,301.000000000000000000
154.837478965886475635,146.115529819183052496,301.000000000000000000,301.000000000000000000
155.025960159848693820,146.345297836749750786,301.000000000000000000,301.000000000000000000
154.933345541109702026,146.244939615580875625,301.000000000000000000,301.000000000000000000
154.582483852205598396,146.010940547875492257,301.000000000000000000,301.000000000000000000
154.757898278129516711,146.008400509121770483,301.000000000000000000,301.000000000000000000
154.867149980116835195,146.168262847133945570,301.000000000000000000,301.000000000000000000
155.008660384838236723,146.238763004132806600,301.000000000000000000,301.000000000000000000
154.826384434466547191,146.199449832681068528,301.000000000000000000,301.000000000000000000
154.781877556003166774,146.209044827683868562,301.000000000000000000,301.000000000000000000
154.714477130154079987,145.998870917661690783,301.000000000000000000,301.000000000000000000
154.872590416743150854,145.915318824625273919,301.000000000000000000,301.000000000000000000
154.715287945339184716,145.943701558640668736,301.000000000000000000,301.000000000000000000
155.139275256222560984,146.350902547536065867,301.000000000000000000,301.000000000000000000
155.068460252318004677,146.158546608848439519,301.000000000000000000,301.000000000000000000
154.841584158415855654,146.247467479330680362,301.000000000000000000,301.000000000000000000
154.835850035081307396,146.196702800361322261,301.000000000000000000,301.000000000000000000
154.703991705546911817,146.023702446612929862,301.000000000000000000,301.000000000000000000
154.529611294462768001,145.985807181227016827,301.000000000000000000,301.000000000000000000
155.137503444475044034,146.251370310414358755,301.000000000000000000,301.000000000000000000
154.921582997434938989,146.317858458747821260,301.000000000000000000,301.000000000000000000
154.971488815548241291,146.203293918918916461,301.000000000000000000,301.000000000000000000
154.648326750558794629,145.886151327858215154,301.000000000000000000,301.000000000000000000
154.799315047549157498,146.076953578610471141,301.000000000000000000,301.000000000000000000
154.748106583264359415,146.062894684677019086,301.000000000000000000,301.000000000000000000
154.913445686023067083,146.146286231884062090,301.000000000000000000,301.000000000000000000
154.892053606862646120,146.233558346862650978,301.000000000000000000,301.000000000000000000
154.837861819962085974,146.323789294817345308,301.000000000000000000,301.000000000000000000
154.735044307484770343,145.935925799863866814,301.000000000000000000,301.000000000000000000
154.764675292894082759,146.060377251774553997,301.000000000000000000,301.000000000000000000
154.743089430894315228,146.098215548202830405,301.000000000000000000,301.000000000000000000
154.952949825399741712,146.070726859738783787,301.000000000000000000,301.000000000000000000
154.892569820439859996,146.057910447761173600,301.000000000000000000,301.000000000000000000
154.660202205882342241,146.226887192536054272,301.000000000000000000,301.000000000000000000
154.707150512938312659,146.078693518361831138,301.000000000000000000,301.000000000000000000
154.650390863564211941,146.099929168437455473,301.000000000000000000,301.000000000000000000
154.729433048170960774,145.980521866960685884,301.000000000000000000,301.000000000000000000
155.100480519083021136,146.210739701170950866,301.000000000000000000,301.000000000000000000
154.883493663154695241,146.034352231329705774,301.000000000000000000,301.000000000000000000
154.864282649996937380,146.199051594400430076,301.000000000000000000,301.000000000000000000
154.703493169524165296,146.119130607271387134,301.000000000000000000,301.000000000000000000
154.597596771234634616,145.854488813367311195,301.000000000000000000,301.000000000000000000
154.775074964812461076,146.101821074462350225,301.000000000000000000,301.000000000000000000
154.935838680110009591,146.235461477182212775,301.000000000000000000,301.000000000000000000
154.805425574211710682,146.093660147464902366,301.000000000000000000,301.000000000000000000
154.907658482960812307,146.225400068096689665,301.000000000000000000,301.000000000000000000
154.860638916965285716,146.206082128463123126,301.000000000000000000,301.000000000000000000
154.491284403669737912,145.796629245097221883,301.000000000000000000,301.000000000000000000
154.729276002823553426,146.267811812489412659,301.000000000000000000,301.000000000000000000
154.821019420449658810,146.143917420235453619,301.000000000000000000,301.000000000000000000
154.992304873580053481,146.422373073115551279,301.000000000000000000,301.000000000000000000
154.782357260877546423,146.065675866949760575,301.000000000000000000,301.000000000000000000
154.720141948115525565,146.035692989181370649,301.000000000000000000,301.000000000000000000
154.639761248852153130,145.942206803181591113,301.000000000000000000,301.000000000000000000
154.766074333241249406,146.018867924528308322,301.000000000000000000,301.000000000000000000
154.910027050288931605,146.227403421869212252,301.000000000000000000,301.000000000000000000
155.149163838698825657,146.150820793433638300,301.000000000000000000,301.000000000000000000
155.072354740061172151,146.171624454643335866,301.000000000000000000,301.000000000000000000
154.637544020823781921,145.963693297224097023,301.000000000000000000,301.000000000000000000
154.524247158655782641,145.789120841819396901,301.000000000000000000,301.000000000000000000
154.636196431855807987,146.061648684620422500,301.000000000000000000,301.000000000000000000
154.911878098035629137,145.997070034704449881,301.000000000000000000,301.000000000000000000
154.927664003428560591,146.123537576839169105,301.000000000000000000,301.000000000000000000
154.781671572234472478,146.069212410501194199,301.000000000000000000,301.000000000000000000
154.838719577693893825,145.924881429098860508,301.000000000000000000,301.000000000000000000
154.672850844966944805,145.802281476449280717,301.000000000000000000,301.000000000000000000
154.794766092585803108,146.097771367158770772,301.000000000000000000,301.000000000000000000
154.895137614678901627,146.059309245180941161,301.000000000000000000,301.000000000000000000
155.018252296798209500,146.254938798747502915,301.000000000000000000,301.000000000000000000
154.802896956362303627,146.084467891990016142,301.000000000000000000,301.000000000000000000
154.634968854521474668,146.078164226679064086,301.000000000000000000,301.000000000000000000
154.526595744680832922,146.032798936862036498,301.000000000000000000,301.000000000000000000
154.853509820142789977,146.107413053297193528,301.000000000000000000,301.000000000000000000
154.785247004157497486,146.092573638121223212,301.000000000000000000,301.000000000000000000
154.942780373118381476,146.211463123828991684,301.000000000000000000,301.000000000000000000
154.796194153337012267,146.165875438001592102,301.000000000000000000,301.000000000000000000
154.680472648238293232,145.995835795278708247,301.000000000000000000,301.000000000000000000
154.551009174311928973,145.917779656241179964,301.000000000000000000,301.000000000000000000
154.829954438430718255,146.010941906373375332,301.000000000000000000,301.000000000000000000
155.048251236037344825,146.168710959682016437,301.000000000000000000,301.000000000000000000
154.911980216156791812,146.135657596371885347,301.000000000000000000,301.000000000000000000
154.882196552988631311,146.032846715328446408,301.000000000000000000,301.000000000000000000
154.728338383374648402,146.199414068001942724,301.000000000000000000,301.000000000000000000
154.678880034197447912,146.034219888192438930,301.000000000000000000,301.000000000000000000
154.758435418009895557,146.042547172480112749,301.000000000000000000,301.000000000000000000
155.005876951331515556,146.134391624704846890,301.000000000000000000,301.000000000000000000
155.105579031171544102,146.194515560106964358,301.000000000000000000,301.000000000000000000
154.978436410350525421,146.254987088902140613,301.000000000000000000,301.000000000000000000
154.785790843668678463,146.004059539918813471,301.000000000000000000,301.000000000000000000
154.638973133596778098,145.993827684815528301,301.000000000000000000,301.000000000000000000
154.724428066943062277,146.079961464354539658,301.000000000000000000,301.000000000000000000
154.790442076904241731,146.120684256966399062,301.000000000000000000,301.000000000000000000
155.026823442954253096,146.370801919122698109,301.000000000000000000,301.000000000000000000
155.161990341707934249,146.424077383485098380,301.000000000000000000,301.000000000000000000
154.774158922930666904,145.937170996773659226,301.000000000000000000,301.000000000000000000
154.879101741521537861,146.067908585686751621,301.000000000000000000,301.000000000000000000
154.624232375337783196,145.934145164495163272,301.000000000000000000,301.000000000000000000
154.958088774761563400,146.203180813063454480,301.000000000000000000,301.000000000000000000
154.874124376739757736,146.321337417049505802,301.000000000000000000,301.000000000000000000
154.933944954128435256,146.170610600385884936,301.000000000000000000,301.000000000000000000
154.848674329501932334,146.193365009333092530,301.000000000000000000,301.000000000000000000
154.703605092422577627,145.944793613045703751,301.000000000000000000,301.000000000000000000
154.848198156823116278,146.097554062863139279,301.000000000000000000,301.000000000000000000
154.866391184572989914,146.095905538566086079,301.000000000000000000,301.000000000000000000
154.879930288020545959,146.061636828644509478,301.000000000000000000,301.000000000000000000
154.857579368716983481,146.066808149405773065,301.000000000000000000,301.000000000000000000
154.795467058175802322,146.120901175938513461,301.000000000000000000,301.000000000000000000
154.719138916918950599,145.988691940180387974,301.000000000000000000,301.000000000000000000
154.817964292287854278,146.103781583856203952,301.000000000000000000,301.000000000000000000
155.031731474688172057,146.171083927964673421,301.000000000000000000,301.000000000000000000
154.886963696369633681,146.339425365521947242,301.000000000000000000,301.000000000000000000
154.781850392498256497,146.259444209338425935,301.000000000000000000,301.000000000000000000
154.826372953954432887,146.086216644052456104,301.000000000000000000,301.000000000000000000
154.729914059393820480,146.063417681974385687,301.000000000000000000,301.000000000000000000
154.804688698640632083,145.982825453413681771,301.000000000000000000,301.000000000000000000
154.973940172508719115,146.179372838235735799,301.000000000000000000,301.000000000000000000
155.077494497432155640,146.232054560954821909,301.000000000000000000,301.000000000000000000
154.892181221434924510,146.135570242331823465,301.000000000000000000,301.000000000000000000
154.741332843317422885,145.960049725942269561,301.000000000000000000,301.000000000000000000
154.597566195805057987,145.950203596878168355,301.000000000000000000,301.000000000000000000
154.655335048389076746,145.941284819632187464,301.000000000000000000,301.000000000000000000
155.030546917870879042,146.324822574716563395,301.000000000000000000,301.000000000000000000
154.914766309491085394,146.345546037938561312,301.000000000000000000,301.000000000000000000
154.939006574141728834,146.232067510548517930,301.000000000000000000,301.000000000000000000
154.824013711627344492,146.197718631178702253,301.000000000000000000,301.000000000000000000
154.704135315348395352,145.882906562658973826,301.000000000000000000,301.000000000000000000
154.589800036690519391,145.903048348220636399,301.000000000000000000,301.000000000000000000
154.977502295684132605,146.103918566405809543,301.000000000000000000,301.000000000000000000
154.876538673525629974,146.085631596867557391,301.000000000000000000,301.000000000000000000
154.972148581527875422,146.328987102418636823,301.000000000000000000,301.000000000000000000
154.804293391962858095,146.118261264328680227,301.000000000000000000,301.000000000000000000
154.600728563994266551,145.964418045538138813,301.000000000000000000,301.000000000000000000
154.685971685971679790,145.926610691770576977,301.000000000000000000,301.000000000000000000
154.879110784493832398,146.037785738655742307,301.000000000000000000,301.000000000000000000
154.967281289178345105,146.259511641113022051,301.000000000000000000,301.000000000000000000
154.945090498428101000,146.343011574270576602,301.000000000000000000,301.000000000000000000
154.707261817291225725,146.156119923500966706,301.000000000000000000,301.000000000000000000
154.777074349328700009,146.035564204529435983,301.000000000000000000,301.000000000000000000
154.591864240642053119,146.079231050690992788,301.000000000000000000,301.000000000000000000
154.973824393828067514,146.238632507634889635,301.000000000000000000,301.000000000000000000
154.957962912045957182,146.330583666411541799,301.000000000000000000,301.000000000000000000
154.997427889031769155,146.148500821855691356,301.000000000000000000,301.000000000000000000
154.696610998960068173,146.093760596812472841,301.000000000000000000,301.000000000000000000
154.713904726871419371,145.987653272166085117,301.000000000000000000,301.000000000000000000
154.755261058960684295,146.048129859810444486,301.000000000000000000,301.000000000000000000
154.771425949715535353,146.062075047651546811,301.000000000000000000,301.000000000000000000
154.868477396464186313,146.336047728108127330,301.000000000000000000,301.000000000000000000
154.866048475945660812,146.353579787384035171,301.000000000000000000,301.000000000000000000
154.785749280421327967,146.134464235227596873,301.000000000000000000,301.000000000000000000
154.591359383599353805,145.947132843509848499,301.000000000000000000,301.000000000000000000
154.800784241644464601,146.002790933694200248,301.000000000000000000,301.000000000000000000
154.950192625206398134,146.168052491656794700,301.000000000000000000,301.000000000000000000
154.985374492381936307,146.274748679502465620,301.000000000000000000,301.000000000000000000
154.808235509904619676,146.114983667092758424,301.000000000000000000,301.000000000000000000
154.808606883061315784,146.159266790939398106,301.000000000000000000,301.000000000000000000
154.547050174600258288,146.044188605773285872,301.000000000000000000,301.000000000000000000
154.632496705586731878,146.065036508745123456,301.000000000000000000,301.000000000000000000
154.982096951891293202,146.264632557085406006,301.000000000000000000,301.000000000000000000
155.095015718951259487,146.357630914915944231,301.000000000000000000,301.000000000000000000
154.846492031507608544,146.181400884053061873,301.000000000000000000,301.000000000000000000
154.854719629019484728,146.219790434341746277,301.000000000000000000,301.000000000000000000
154.710014673514308470,145.964061705373808309,301.000000000000000000,301.000000000000000000
154.819741963163863829,146.019017746128639601,301.000000000000000000,301.000000000000000000
154.877845080763563601,146.098667800453512200,301.000000000000000000,301.000000000000000000
155.027833730086058495,146.187310493354857499,301.000000000000000000,301.000000000000000000
155.065348709500256064,146.292152883477086789,301.000000000000000000,301.000000000000000000
154.827090219121089376,146.187003549095834387,301.000000000000000000,301.000000000000000000
154.666666666666685614,145.931105645548882421,301.000000000000000000,301.000000000000000000
154.639072644860959826,146.076213838606008721,301.000000000000000000,301.000000000000000000
154.851698806244257867,146.076369940882216270,301.000000000000000000,301.000000000000000000
154.998081490955598838,146.248294409058757992,301.000000000000000000,301.000000000000000000
154.742196107234661895,146.111499445912556894,301.000000000000000000,301.000000000000000000
154.776068376068394628,146.199556042597436090,301.000000000000000000,301.000000000000000000
154.706471306471314620,146.020121520418257433,301.000000000000000000,301.000000000000000000
154.783492530002462217,146.091341954751641197,301.000000000000000000,301.000000000000000000
154.957493587394651513,146.029775120979223857,301.000000000000000000,301.000000000000000000
155.087225695721485863,146.279280047769361772,301.000000000000000000,301.000000000000000000
155.037529415360154417,146.118192876743336228,301.000000000000000000,301.000000000000000000
154.834451284878554134,146.043947072072057836,301.000000000000000000,301.000000000000000000
154.656796027220877932,145.907322847962120704,301.000000000000000000,301.000000000000000000
154.686918746940762048,145.835095435450682544,301.000000000000000000,301.000000000000000000
154.950809121000361301,146.009875702366770156,301.000000000000000000,301.000000000000000000
155.060439392550506454,146.210266030013656291,301.000000000000000000,301.000000000000000000
154.932551319648098342,146.257299527968569919,301.000000000000000000,301.000000000000000000
154.889246816996489997,146.156756451521829376,301.000000000000000000,301.000000000000000000
154.767030681227254263,145.958559322033892158,301.000000000000000000,301.000000000000000000
154.824532402730596914,146.122439716312044311,301.000000000000000000,301.000000000000000000
154.963853211009165989,145.994464316130120096,301.000000000000000000,301.000000000000000000
155.033664154873491725,146.165815747674173508,301.000000000000000000,301.000000000000000000
154.828916399205240850,146.138597240005708500,301.000000000000000000,301.000000000000000000
154.832965821389194616,145.977037790205031342,301.000000000000000000,301.000000000000000000
154.618685015290509455,146.012195465427396357,301.000000000000000000,301.000000000000000000
154.731335049650624569,145.987439531528480074,301.000000000000000000,301.000000000000000000
154.940219551723089353,145.970926762724872106,301.000000000000000000,301.000000000000000000
155.018435566931771064,146.185665160428584386,301.000000000000000000,301.000000000000000000
154.960215840497539830,146.125530830643810987,301.000000000000000000,301.000000000000000000
154.790632849353698930,146.061094695370769614,301.000000000000000000,301.000000000000000000
154.703700314206400890,145.915159199774592480,301.000000000000000000,301.000000000000000000
154.793202518491341380,145.968445160743044653,301.000000000000000000,301.000000000000000000
154.905831652301486656,146.109121909633415726,301.000000000000000000,301.000000000000000000
154.981735159817333169,146.243979504696824279,301.000000000000000000,301.000000000000000000
154.999238338969632878,146.154637125408328302,301.000000000000000000,301.000000000000000000
154.850353831137141469,146.180646976090031330,301.000000000000000000,301.000000000000000000
154.700518925518935021,146.011836158192096491,301.000000000000000000,301.000000000000000000
154.798742138364787024,146.246018950643474454,301.000000000000000000,301.000000000000000000
155.083791208791211602,146.040703234880453465,301.000000000000000000,301.000000000000000000
155.153984513139448609,146.488441271460146709,301.000000000000000000,301.000000000000000000
155.071899012074652546,146.143664519046012629,301.000000000000000000,301.000000000000000000
154.726483180428147080,146.225528427715630642,301.000000000000000000,301.000000000000000000
154.754111365369965370,146.054575274290243669,301.000000000000000000,301.000000000000000000
154.971050454921424944,146.115971573374110903,301.000000000000000000,301.000000000000000000
155.069658119658129181,146.223181714546285548,301.000000000000000000,301.000000000000000000
155.099015651748601385,146.378131472182019479,301.000000000000000000,301.000000000000000000
154.915507140241686557,146.327044559644207311,301.000000000000000000,301.000000000000000000
154.787201563167855056,146.112549716510102371,301.000000000000000000,301.000000000000000000
154.599908340971580856,145.864260294865289325,301.000000000000000000,301.000000000000000000
154.968010060115318538,146.126453324302985948,301.000000000000000000,301.000000000000000000
154.978826764436291796,146.132083510864930531,301.000000000000000000,301.000000000000000000
155.146880244088492873,146.256928520877579558,301.000000000000000000,301.000000000000000000
154.893589743589757290,146.329196066763017825,301.000000000000000000,301.000000000000000000
154.776384056644076281,146.250437927332313848,301.000000000000000000,301.000000000000000000
154.531199364089388837,146.057166271052324191,301.000000000000000000,301.000000000000000000
154.811594202898561434,146.073444888020617327,301.000000000000000000,301.000000000000000000
154.877659574468083292,146.028550367157151868,301.000000000000000000,301.000000000000000000
155.021755094547472709,146.168423737459619360,301.000000000000000000,301.000000000000000000
154.775327022638862218,146.013617021276616015,301.000000000000000000,301.000000000000000000
154.728784543898257198,146.050832627716630441,301.000000000000000000,301.000000000000000000
154.751335347800875297,145.907142251969844438,301.000000000000000000,301.000000000000000000
154.594467928689596192,145.711762877567764463,301.000000000000000000,301.000000000000000000
155.023947861907856804,146.000481082151850387,301.000000000000000000,301.000000000000000000
155.051508462104493447,146.145012289177032017,301.000000000000000000,301.000000000000000000
155.015665078783456465,146.273835732430143253,301.000000000000000000,301.000000000000000000
155.026415094339625966,146.182997687143910071,301.000000000000000000,301.000000000000000000
154.575178997613363663,145.977749576988173885,301.000000000000000000,301.000000000000000000
154.781788677627758943,145.989001332312852810,301.000000000000000000,301.000000000000000000
154.796872125114987284,146.003089306464858055,301.000000000000000000,301.000000000000000000
155.107299024554322386,146.039834969412424925,301.000000000000000000,301.000000000000000000
155.015573470135564094,146.146817627195616751,301.000000000000000000,301.000000000000000000
154.781535256999347894,146.126740671694506091,301.000000000000000000,301.000000000000000000
154.688501529051990246,145.932982991467497413,301.000000000000000000,301.000000000000000000
154.755747390332771829,145.913999435506639202,301.000000000000000000,301.000000000000000000
154.919328193832598117,145.905916723394597057,301.000000000000000000,301.000000000000000000
154.831770833333337123,146.150888832185074762,301.000000000000000000,301.000000000000000000
154.927573529411745312,146.452435668283840187,301.000000000000000000,301.000000000000000000
154.725198776758418262,146.213689009713135647,301.000000000000000000,301.000000000000000000
154.582462572563400727,146.097470679666514570,301.000000000000000000,301.000000000000000000
154.662169603524233708,146.150896512777080716,301.000000000000000000,301.000000000000000000
154.921875000000000000,146.073733764392272860,301.000000000000000000,301.000000000000000000
154.839693725023664683,146.189509162489031269,301.000000000000000000,301.000000000000000000
155.060531135531135760,146.182848861989612033,301.000000000000000000,301.000000000000000000
154.594386351128235901,145.985090250664853784,301.000000000000000000,301.000000000000000000
154.570021714530412282,146.122945486435270368,301.000000000000000000,301.000000000000000000
154.645793280234386202,146.046360055541384781,301.000000000000000000,301.000000000000000000
154.960629921259851471,146.079288025889979963,301.000000000000000000,301.000000000000000000
155.035837374569211988,146.062234391489141672,301.000000000000000000,301.000000000000000000
154.943960644116486947,146.224768557959919235,301.000000000000000000,301.000000000000000000
154.731048805815163405,145.936502546689297333,301.000000000000000000,301.000000000000000000
154.583027747219176717,146.028760377093021816,301.000000000000000000,301.000000000000000000
154.745276374215279702,146.055245818550417880,301.000000000000000000,301.000000000000000000
154.869413919413915437,146.049117746861213618,301.000000000000000000,301.000000000000000000
154.853480189689463487,146.208733056003609363,301.000000000000000000,301.000000000000000000
154.916766009475793453,146.296661565493394619,301.000000000000000000,301.000000000000000000
154.848701934851817441,146.262047937664078745,301.000000000000000000,301.000000000000000000
154.830920087976551258,146.087288828722137168,301.000000000000000000,301.000000000000000000
154.598120254714672228,145.825641025641033366,301.000000000000000000,301.000000000000000000
154.829012686155522260,146.167714350436085624,301.000000000000000000,301.000000000000000000
155.099850468430531691,146.216016949152560755,301.000000000000000000,301.000000000000000000
154.997501295060487791,146.168636118903918941,301.000000000000000000,301.000000000000000000
154.773874289226995415,145.953843117351823366,301.000000000000000000,301.000000000000000000
154.397163772244169877,145.901634263172724104,301.000000000000000000,301.000000000000000000
154.643943558731905341,146.003625959604562468,301.000000000000000000,301.000000000000000000
154.782248701497110233,146.021801832371920682,301.000000000000000000,301.000000000000000000
154.940094411451184442,146.100323349217148916,301.000000000000000000,301.000000000000000000
154.801374885426213268,146.186703866531388485,301.000000000000000000,301.000000000000000000
154.923323561744211929,146.020921326800703355,301.000000000000000000,301.000000000000000000
154.661619405952706074,146.031963470319624321,301.000000000000000000,301.000000000000000000
154.828512839347467889,146.126814965180869876,301.000000000000000000,301.000000000000000000
154.834957705038618769,146.109230899399278769,301.000000000000000000,301.000000000000000000
154.676578560939788076,146.144799705990465100,301.000000000000000000,301.000000000000000000
155.073015000152764742,146.333333333333342807,301.000000000000000000,301.000000000000000000
154.727570579949770035,146.037043278007161007,301.000000000000000000,301.000000000000000000
154.855693107137398101,146.115753558743733720,301.000000000000000000,301.000000000000000000
154.614012543980436476,146.097704532077699469,301.000000000000000000,301.000000000000000000
155.039987733823977578,146.323183895477598071,301.000000000000000000,301.000000000000000000
154.925695461200575664,146.370548658615547311,301.000000000000000000,301.000000000000000000
155.047029324526818073,146.466028654578025225,301.000000000000000000,301.000000000000000000
154.740421631530693958,146.175547363717612370,301.000000000000000000,301.000000000000000000
154.614230144874284179,146.103440590611512562,301.000000000000000000,301.000000000000000000
154.793324775353028144,146.033806343906519487,301.000000000000000000,301.000000000000000000
154.864276960784309267,145.980452933456206210,301.000000000000000000,301.000000000000000000
155.057083676018180540,146.211316820244036307,301.000000000000000000,301.000000000000000000
154.989691979261976940,146.430579964850608121,301.000000000000000000,301.000000000000000000
154.722909601930780354,146.197310793092867698,301.000000000000000000,301.000000000000000000
154.745710163612386623,146.072607260726073264,301.000000000000000000,301.000000000000000000
154.755643479327687828,146.107277113841689697,301.000000000000000000,301.000000000000000000
155.032848283907412679,146.262585604472405976,301.000000000000000000,301.000000000000000000
155.067081161805504053,146.262157159683681584,301.000000000000000000,301.000000000000000000
154.902203477888804173,146.402155748663119539,301.000000000000000000,301.000000000000000000
154.696330919866795739,146.253487855038628140,301.000000000000000000,301.000000000000000000
154.780098769976405038,146.002269268022700999,301.000000000000000000,301.000000000000000000
154.550479517112478334,145.852055861570136130,301.000000000000000000,301.000000000000000000
154.870285188592447412,146.205292858532800437,301.000000000000000000,301.000000000000000000
154.797870387369187029,145.957417773693151730,301.000000000000000000,301.000000000000000000
154.886871465688528815,146.205564784053137828,301.000000000000000000,301.000000000000000000
154.846120939896707114,146.034405571215387454,301.000000000000000000,301.000000000000000000
154.742489797170833299,146.283857823297807954,301.000000000000000000,301.000000000000000000
154.610640648011781195,145.884776400787387729,301.000000000000000000,301.000000000000000000
154.972548659566655260,146.237392681503706626,301.000000000000000000,301.000000000000000000
154.963929205707643177,146.224393475200798775,301.000000000000000000,301.000000000000000000
154.919298891856215050,146.258012687332069390,301.000000000000000000,301.000000000000000000
154.858713578889478413,146.204862836010363480,301.000000000000000000,301.000000000000000000
154.660984848484872600,146.134095175002755695,301.000000000000000000,301.000000000000000000
154.706437478934958563,146.033660239361722688,301.000000000000000000,301.000000000000000000
154.728129123323810745,146.205753803596110174,301.000000000000000000,301.000000000000000000
155.268065481644384818,146.449811236953166826,301.000000000000000000,301.000000000000000000
154.738125724041225340,146.291327913279133099,301.000000000000000000,301.000000000000000000
154.812078488815643595,146.258346428472975731,301.000000000000000000,301.000000000000000000
154.584466911764707220,146.066970954356861512,301.000000000000000000,301.000000000000000000
154.577459618208536085,145.956491864555857774,301.000000000000000000,301.000000000000000000
154.867481318142836244,146.030187321878202056,301.000000000000000000,301.000000000000000000
155.081890100491762041,146.127009113504556126,301.000000000000000000,301.000000000000000000
154.893289328932894477,146.158410647227753998,301.000000000000000000,301.000000000000000000
154.724085272738392405,146.406745539284628421,301.000000000000000000,301.000000000000000000
154.381823754789280656,146.032046492320461084,301.000000000000000000,301.000000000000000000
154.695676172953085370,146.048642689816745133,301.000000000000000000,301.000000000000000000
154.891763770376485354,146.216719382942130778,301.000000000000000000,301.000000000000000000
154.967749831711671504,146.178859772395355776,301.000000000000000000,301.000000000000000000
155.011351153423674987,146.297029429628423713,301.000000000000000000,301.000000000000000000
154.747683491831253377,146.282945415389718846,301.000000000000000000,301.000000000000000000
154.604845370285403305,146.043036576949646133,301.000000000000000000,301.000000000000000000
